2026-04-15 14:33:37,030 [INFO] =======================================================
2026-04-15 14:33:37,030 [INFO] Ticket Processing Automation — starting
2026-04-15 14:33:37,031 [INFO] Run time: 2026-04-15 14:33:37
2026-04-15 14:33:37,031 [INFO] =======================================================
2026-04-15 14:37:15,094 [INFO] =======================================================
2026-04-15 14:37:15,094 [INFO] Ticket Processing Automation — starting
2026-04-15 14:37:15,094 [INFO] Run time: 2026-04-15 14:37:15
2026-04-15 14:37:15,094 [INFO] =======================================================
2026-04-15 14:37:15,096 [INFO] Credentials loaded from: C:\Users\dawson.h\Desktop\ticket-to-excel-automation\.env
2026-04-15 14:37:15,096 [INFO] AZURE_TENANT_ID starts with: 'b4ed'
2026-04-15 14:37:15,890 [INFO] Authenticated with Microsoft Graph API.
2026-04-15 14:37:16,235 [INFO] Found 0 unread email(s) with PDF attachments.
2026-04-15 14:37:16,237 [INFO] No unread emails with PDF attachments. Nothing to do.
2026-04-15 14:37:40,833 [INFO] =======================================================
2026-04-15 14:37:40,833 [INFO] Ticket Processing Automation — starting
2026-04-15 14:37:40,834 [INFO] Run time: 2026-04-15 14:37:40
2026-04-15 14:37:40,834 [INFO] =======================================================
2026-04-15 14:37:40,834 [INFO] Credentials loaded from: C:\Users\dawson.h\Desktop\ticket-to-excel-automation\.env
2026-04-15 14:37:40,834 [INFO] AZURE_TENANT_ID starts with: 'b4ed'
2026-04-15 14:37:41,635 [INFO] Authenticated with Microsoft Graph API.
2026-04-15 14:37:42,377 [INFO] Found 1 unread email(s) with PDF attachments.
2026-04-15 14:37:42,378 [INFO] =======================================================
2026-04-15 14:37:42,378 [INFO] Processing: 'FW: [Scan] 2026-04-15 14:20'
2026-04-15 14:37:42,378 [INFO]   Downloading '2026-04-15 14-20.pdf'...
2026-04-15 14:37:42,913 [INFO]   Rendering PDF pages...
2026-04-15 14:37:43,184 [INFO]   Scanning for QR code...
2026-04-15 14:37:43,434 [INFO]   QR → Job: 2501  Location: 0420  Cost Code: 312323-20
2026-04-15 14:37:43,434 [INFO]   Running OCR...
2026-04-15 14:37:43,563 [ERROR]   FAILED on '2026-04-15 14-20.pdf': C:\Program Files\Tesseract-OCR\tesseract.exe is not installed or it's not in your PATH. See README file for more information.
2026-04-15 14:37:43,563 [ERROR] Error logged → 'FW: [Scan] 2026-04-15 14:20': Attachment '2026-04-15 14-20.pdf': TesseractNotFoundError: C:\Program Files\Tesseract-OCR\tesseract.exe is not installed or it's not in your PATH. See README file for more information.
Traceback (most recent call last):
  File "C:\Users\dawson.h\AppData\Local\Python\pythoncore-3.14-64\Lib\site-packages\pytesseract\pytesseract.py", line 275, in run_tesseract
    proc = subprocess.Popen(cmd_args, **subprocess_args())
  File "C:\Users\dawson.h\AppData\Local\Python\pythoncore-3.14-64\Lib\subprocess.py", line 1039, in __init__
    self._execute_child(args, executable, preexec_fn, close_fds,
    ~~~~~~~~~~~~~~~~~~~^^^^^^^^^^^^^^^^^^^^^^^^^^^^^^^^^^^^^^^^^
                        pass_fds, cwd, env,
                        ^^^^^^^^^^^^^^^^^^^
    ...<5 lines>...
                        gid, gids, uid, umask,
                        ^^^^^^^^^^^^^^^^^^^^^^
                        start_new_session, process_group)
                        ^^^^^^^^^^^^^^^^^^^^^^^^^^^^^^^^^
  File "C:\Users\dawson.h\AppData\Local\Python\pythoncore-3.14-64\Lib\subprocess.py", line 1553, in _execute_child
    hp, ht, pid, tid = _winapi.CreateProcess(executable, args,
                       ~~~~~~~~~~~~~~~~~~~~~^^^^^^^^^^^^^^^^^^
                             # no special security
                             ^^^^^^^^^^^^^^^^^^^^^
    ...<4 lines>...
                             cwd,
                             ^^^^
                             startupinfo)
                             ^^^^^^^^^^^^
FileNotFoundError: [WinError 2] The system cannot find the file specified

During handling of the above exception, another exception occurred:

Traceback (most recent call last):
  File "C:\Users\dawson.h\desktop\ticket-to-excel-automation\ticket_processor.py", line 731, in process_email
    ticket_data = extract_ticket_data_ocr(images)
  File "C:\Users\dawson.h\desktop\ticket-to-excel-automation\ticket_processor.py", line 436, in extract_ticket_data_ocr
    full_text = "\n".join(
        pytesseract.image_to_string(img, config="--psm 6 --oem 3")
        for img in images
    )
  File "C:\Users\dawson.h\desktop\ticket-to-excel-automation\ticket_processor.py", line 437, in <genexpr>
    pytesseract.image_to_string(img, config="--psm 6 --oem 3")
    ~~~~~~~~~~~~~~~~~~~~~~~~~~~^^^^^^^^^^^^^^^^^^^^^^^^^^^^^^^
  File "C:\Users\dawson.h\AppData\Local\Python\pythoncore-3.14-64\Lib\site-packages\pytesseract\pytesseract.py", line 486, in image_to_string
    return {
           ~
    ...<2 lines>...
        Output.STRING: lambda: run_and_get_output(*args),
        ~~~~~~~~~~~~~~~~~~~~~~~~~~~~~~~~~~~~~~~~~~~~~~~~~
    }[output_type]()
    ~~~~~~~~~~~~~~^^
  File "C:\Users\dawson.h\AppData\Local\Python\pythoncore-3.14-64\Lib\site-packages\pytesseract\pytesseract.py", line 489, in <lambda>
    Output.STRING: lambda: run_and_get_output(*args),
                           ~~~~~~~~~~~~~~~~~~^^^^^^^
  File "C:\Users\dawson.h\AppData\Local\Python\pythoncore-3.14-64\Lib\site-packages\pytesseract\pytesseract.py", line 352, in run_and_get_output
    run_tesseract(**kwargs)
    ~~~~~~~~~~~~~^^^^^^^^^^
  File "C:\Users\dawson.h\AppData\Local\Python\pythoncore-3.14-64\Lib\site-packages\pytesseract\pytesseract.py", line 280, in run_tesseract
    raise TesseractNotFoundError()
pytesseract.pytesseract.TesseractNotFoundError: C:\Program Files\Tesseract-OCR\tesseract.exe is not installed or it's not in your PATH. See README file for more information.

2026-04-15 14:37:43,565 [INFO] =======================================================
2026-04-15 14:37:43,565 [INFO] Complete — success: 0  failed: 1  (failed emails remain unread for retry)
2026-04-15 14:37:43,565 [INFO] =======================================================
2026-04-15 14:38:21,039 [INFO] =======================================================
2026-04-15 14:38:21,039 [INFO] Ticket Processing Automation — starting
2026-04-15 14:38:21,040 [INFO] Run time: 2026-04-15 14:38:21
2026-04-15 14:38:21,040 [INFO] =======================================================
2026-04-15 14:38:21,040 [INFO] Credentials loaded from: C:\Users\dawson.h\Desktop\ticket-to-excel-automation\.env
2026-04-15 14:38:21,040 [INFO] AZURE_TENANT_ID starts with: 'b4ed'
2026-04-15 14:38:21,828 [INFO] Authenticated with Microsoft Graph API.
2026-04-15 14:38:22,553 [INFO] Found 1 unread email(s) with PDF attachments.
2026-04-15 14:38:22,554 [INFO] =======================================================
2026-04-15 14:38:22,554 [INFO] Processing: 'FW: [Scan] 2026-04-15 14:20'
2026-04-15 14:38:22,554 [INFO]   Downloading '2026-04-15 14-20.pdf'...
2026-04-15 14:38:23,034 [INFO]   Rendering PDF pages...
2026-04-15 14:38:23,274 [INFO]   Scanning for QR code...
2026-04-15 14:38:23,555 [INFO]   QR → Job: 2501  Location: 0420  Cost Code: 312323-20
2026-04-15 14:38:23,556 [INFO]   Running OCR...
2026-04-15 14:38:23,686 [ERROR]   FAILED on '2026-04-15 14-20.pdf': C:\Program Files\Tesseract-OCR\tesseract.exe is not installed or it's not in your PATH. See README file for more information.
2026-04-15 14:38:23,687 [ERROR] Error logged → 'FW: [Scan] 2026-04-15 14:20': Attachment '2026-04-15 14-20.pdf': TesseractNotFoundError: C:\Program Files\Tesseract-OCR\tesseract.exe is not installed or it's not in your PATH. See README file for more information.
Traceback (most recent call last):
  File "C:\Users\dawson.h\AppData\Local\Python\pythoncore-3.14-64\Lib\site-packages\pytesseract\pytesseract.py", line 275, in run_tesseract
    proc = subprocess.Popen(cmd_args, **subprocess_args())
  File "C:\Users\dawson.h\AppData\Local\Python\pythoncore-3.14-64\Lib\subprocess.py", line 1039, in __init__
    self._execute_child(args, executable, preexec_fn, close_fds,
    ~~~~~~~~~~~~~~~~~~~^^^^^^^^^^^^^^^^^^^^^^^^^^^^^^^^^^^^^^^^^
                        pass_fds, cwd, env,
                        ^^^^^^^^^^^^^^^^^^^
    ...<5 lines>...
                        gid, gids, uid, umask,
                        ^^^^^^^^^^^^^^^^^^^^^^
                        start_new_session, process_group)
                        ^^^^^^^^^^^^^^^^^^^^^^^^^^^^^^^^^
  File "C:\Users\dawson.h\AppData\Local\Python\pythoncore-3.14-64\Lib\subprocess.py", line 1553, in _execute_child
    hp, ht, pid, tid = _winapi.CreateProcess(executable, args,
                       ~~~~~~~~~~~~~~~~~~~~~^^^^^^^^^^^^^^^^^^
                             # no special security
                             ^^^^^^^^^^^^^^^^^^^^^
    ...<4 lines>...
                             cwd,
                             ^^^^
                             startupinfo)
                             ^^^^^^^^^^^^
FileNotFoundError: [WinError 2] The system cannot find the file specified

During handling of the above exception, another exception occurred:

Traceback (most recent call last):
  File "C:\Users\dawson.h\desktop\ticket-to-excel-automation\ticket_processor.py", line 731, in process_email
    ticket_data = extract_ticket_data_ocr(images)
  File "C:\Users\dawson.h\desktop\ticket-to-excel-automation\ticket_processor.py", line 436, in extract_ticket_data_ocr
    full_text = "\n".join(
        pytesseract.image_to_string(img, config="--psm 6 --oem 3")
        for img in images
    )
  File "C:\Users\dawson.h\desktop\ticket-to-excel-automation\ticket_processor.py", line 437, in <genexpr>
    pytesseract.image_to_string(img, config="--psm 6 --oem 3")
    ~~~~~~~~~~~~~~~~~~~~~~~~~~~^^^^^^^^^^^^^^^^^^^^^^^^^^^^^^^
  File "C:\Users\dawson.h\AppData\Local\Python\pythoncore-3.14-64\Lib\site-packages\pytesseract\pytesseract.py", line 486, in image_to_string
    return {
           ~
    ...<2 lines>...
        Output.STRING: lambda: run_and_get_output(*args),
        ~~~~~~~~~~~~~~~~~~~~~~~~~~~~~~~~~~~~~~~~~~~~~~~~~
    }[output_type]()
    ~~~~~~~~~~~~~~^^
  File "C:\Users\dawson.h\AppData\Local\Python\pythoncore-3.14-64\Lib\site-packages\pytesseract\pytesseract.py", line 489, in <lambda>
    Output.STRING: lambda: run_and_get_output(*args),
                           ~~~~~~~~~~~~~~~~~~^^^^^^^
  File "C:\Users\dawson.h\AppData\Local\Python\pythoncore-3.14-64\Lib\site-packages\pytesseract\pytesseract.py", line 352, in run_and_get_output
    run_tesseract(**kwargs)
    ~~~~~~~~~~~~~^^^^^^^^^^
  File "C:\Users\dawson.h\AppData\Local\Python\pythoncore-3.14-64\Lib\site-packages\pytesseract\pytesseract.py", line 280, in run_tesseract
    raise TesseractNotFoundError()
pytesseract.pytesseract.TesseractNotFoundError: C:\Program Files\Tesseract-OCR\tesseract.exe is not installed or it's not in your PATH. See README file for more information.

2026-04-15 14:38:23,689 [INFO] =======================================================
2026-04-15 14:38:23,689 [INFO] Complete — success: 0  failed: 1  (failed emails remain unread for retry)
2026-04-15 14:38:23,690 [INFO] =======================================================
2026-04-15 14:44:06,256 [INFO] =======================================================
2026-04-15 14:44:06,256 [INFO] Ticket Processing Automation — starting
2026-04-15 14:44:06,257 [INFO] Run time: 2026-04-15 14:44:06
2026-04-15 14:44:06,257 [INFO] =======================================================
2026-04-15 14:44:06,257 [INFO] Credentials loaded from: C:\Users\dawson.h\Desktop\ticket-to-excel-automation\.env
2026-04-15 14:44:06,257 [INFO] AZURE_TENANT_ID starts with: 'b4ed'
2026-04-15 14:44:06,837 [INFO] Authenticated with Microsoft Graph API.
2026-04-15 14:44:07,594 [INFO] Found 1 unread email(s) with PDF attachments.
2026-04-15 14:44:07,595 [INFO] =======================================================
2026-04-15 14:44:07,595 [INFO] Processing: 'FW: [Scan] 2026-04-15 14:20'
2026-04-15 14:44:07,596 [INFO]   Downloading '2026-04-15 14-20.pdf'...
2026-04-15 14:44:08,037 [INFO]   Rendering PDF pages...
2026-04-15 14:44:08,278 [INFO]   Scanning for QR code...
2026-04-15 14:44:08,572 [INFO]   QR → Job: 2501  Location: 0420  Cost Code: 312323-20
2026-04-15 14:44:08,572 [INFO]   Running OCR...
2026-04-15 14:44:09,830 [INFO]   OCR → Ticket: System  Date: 8/6/2025  Net Tons: 37280
2026-04-15 14:44:09,830 [INFO]   Writing to Excel...
2026-04-15 14:44:09,831 [INFO] Created new workbook: materials_log.xlsx
2026-04-15 14:44:09,831 [INFO] Created new tab for cost code: 312323-20
2026-04-15 14:44:09,847 [INFO] Excel: wrote ticket System to tab '312323-20' in materials_log.xlsx.
2026-04-15 14:44:09,847 [INFO]   Uploading to SharePoint...
2026-04-15 14:44:12,652 [INFO] SharePoint: uploaded '2501-System-862025.pdf' → https://vancouvermjhughes.sharepoint.com/Shared%20Documents/MJHughes%20OPEN%20JOBS/2501-System-862025.pdf
2026-04-15 14:44:12,653 [INFO]   Sending confirmation email...
2026-04-15 14:44:13,219 [ERROR]   FAILED on '2026-04-15 14-20.pdf': 403 Client Error: Forbidden for url: https://graph.microsoft.com/v1.0/users/help@mjhughes.com/messages/AAMkAGJhMTljYmM4LTk5MmQtNGYzYy1iMjVkLTQxYjIyYmJjYjAwZQBGAAAAAACGS7jncFP_TrzrW1Hz7wysBwCf5kq4dgz5QZHK1WIWgeP-AAAAAAEMAACf5kq4dgz5QZHK1WIWgeP-AAAAAAk9AAA=/reply
2026-04-15 14:44:13,219 [ERROR] Error logged → 'FW: [Scan] 2026-04-15 14:20': Attachment '2026-04-15 14-20.pdf': HTTPError: 403 Client Error: Forbidden for url: https://graph.microsoft.com/v1.0/users/help@mjhughes.com/messages/AAMkAGJhMTljYmM4LTk5MmQtNGYzYy1iMjVkLTQxYjIyYmJjYjAwZQBGAAAAAACGS7jncFP_TrzrW1Hz7wysBwCf5kq4dgz5QZHK1WIWgeP-AAAAAAEMAACf5kq4dgz5QZHK1WIWgeP-AAAAAAk9AAA=/reply
Traceback (most recent call last):
  File "C:\Users\dawson.h\desktop\ticket-to-excel-automation\ticket_processor.py", line 754, in process_email
    send_reply_email(
    ~~~~~~~~~~~~~~~~^
        client,
        ^^^^^^^
    ...<2 lines>...
        qr_data["job_number"],
        ^^^^^^^^^^^^^^^^^^^^^^
    )
    ^
  File "C:\Users\dawson.h\desktop\ticket-to-excel-automation\ticket_processor.py", line 306, in send_reply_email
    client.post(url, json=payload)
    ~~~~~~~~~~~^^^^^^^^^^^^^^^^^^^
  File "C:\Users\dawson.h\desktop\ticket-to-excel-automation\ticket_processor.py", line 193, in post
    resp.raise_for_status()
    ~~~~~~~~~~~~~~~~~~~~~^^
  File "C:\Users\dawson.h\AppData\Local\Python\pythoncore-3.14-64\Lib\site-packages\requests\models.py", line 1028, in raise_for_status
    raise HTTPError(http_error_msg, response=self)
requests.exceptions.HTTPError: 403 Client Error: Forbidden for url: https://graph.microsoft.com/v1.0/users/help@mjhughes.com/messages/AAMkAGJhMTljYmM4LTk5MmQtNGYzYy1iMjVkLTQxYjIyYmJjYjAwZQBGAAAAAACGS7jncFP_TrzrW1Hz7wysBwCf5kq4dgz5QZHK1WIWgeP-AAAAAAEMAACf5kq4dgz5QZHK1WIWgeP-AAAAAAk9AAA=/reply

2026-04-15 14:44:13,222 [INFO] =======================================================
2026-04-15 14:44:13,223 [INFO] Complete — success: 0  failed: 1  (failed emails remain unread for retry)
2026-04-15 14:44:13,223 [INFO] =======================================================
2026-04-15 14:51:02,184 [INFO] =======================================================
2026-04-15 14:51:02,184 [INFO] Ticket Processing Automation — starting
2026-04-15 14:51:02,184 [INFO] Run time: 2026-04-15 14:51:02
2026-04-15 14:51:02,184 [INFO] =======================================================
2026-04-15 14:51:02,184 [INFO] Credentials loaded from: C:\Users\dawson.h\Desktop\ticket-to-excel-automation\.env
2026-04-15 14:51:02,184 [INFO] AZURE_TENANT_ID starts with: 'b4ed'
2026-04-15 14:51:02,962 [INFO] Authenticated with Microsoft Graph API.
2026-04-15 14:51:03,793 [INFO] Found 1 unread email(s) with PDF attachments.
2026-04-15 14:51:03,794 [INFO] =======================================================
2026-04-15 14:51:03,794 [INFO] Processing: 'FW: [Scan] 2026-04-15 14:20'
2026-04-15 14:51:03,794 [INFO]   Downloading '2026-04-15 14-20.pdf'...
2026-04-15 14:51:04,296 [INFO]   Rendering PDF pages...
2026-04-15 14:51:04,536 [INFO]   Scanning for QR code...
2026-04-15 14:51:04,778 [INFO]   QR → Job: 2501  Location: 0420  Cost Code: 312323-20
2026-04-15 14:51:04,778 [INFO]   Running OCR...
2026-04-15 14:51:05,609 [INFO]   OCR → Ticket: System  Date: 8/6/2025  Net Tons: 37280
2026-04-15 14:51:05,609 [INFO]   Writing to Excel...
2026-04-15 14:51:05,632 [INFO] Excel: wrote ticket System to tab '312323-20' in materials_log.xlsx.
2026-04-15 14:51:05,632 [INFO]   Uploading to SharePoint...
2026-04-15 14:51:07,568 [INFO] SharePoint: uploaded '2501-System-862025.pdf' → https://vancouvermjhughes.sharepoint.com/Shared%20Documents/MJHughes%20OPEN%20JOBS/2501-System-862025.pdf
2026-04-15 14:51:07,570 [INFO]   Sending confirmation email...
2026-04-15 14:51:07,957 [WARNING]   Confirmation email not sent (will continue): 403 Client Error: Forbidden for url: https://graph.microsoft.com/v1.0/users/help@mjhughes.com/messages/AAMkAGJhMTljYmM4LTk5MmQtNGYzYy1iMjVkLTQxYjIyYmJjYjAwZQBGAAAAAACGS7jncFP_TrzrW1Hz7wysBwCf5kq4dgz5QZHK1WIWgeP-AAAAAAEMAACf5kq4dgz5QZHK1WIWgeP-AAAAAAk9AAA=/reply
2026-04-15 14:51:07,958 [INFO]   Marking email as read...
2026-04-15 14:51:08,569 [INFO] Marked email AAMkAGJhMTljYmM4LTk5MmQtNGYzYy1iMjVkLTQxYjIyYmJjYjAwZQBGAAAAAACGS7jncFP_TrzrW1Hz7wysBwCf5kq4dgz5QZHK1WIWgeP-AAAAAAEMAACf5kq4dgz5QZHK1WIWgeP-AAAAAAk9AAA= as read.
2026-04-15 14:51:08,569 [INFO]   Done: 'FW: [Scan] 2026-04-15 14:20'
2026-04-15 14:51:08,570 [INFO] =======================================================
2026-04-15 14:51:08,570 [INFO] Complete — success: 1  failed: 0  (failed emails remain unread for retry)
2026-04-15 14:51:08,570 [INFO] =======================================================
2026-04-15 14:58:11,075 [INFO] =======================================================
2026-04-15 14:58:11,075 [INFO] Ticket Processing Automation — starting
2026-04-15 14:58:11,076 [INFO] Run time: 2026-04-15 14:58:11
2026-04-15 14:58:11,076 [INFO] =======================================================
2026-04-15 14:58:11,076 [INFO] Credentials loaded from: C:\Users\dawson.h\Desktop\ticket-to-excel-automation\.env
2026-04-15 14:58:11,076 [INFO] AZURE_TENANT_ID starts with: 'b4ed'
2026-04-15 14:58:11,841 [INFO] Authenticated with Microsoft Graph API.
2026-04-15 14:58:12,542 [INFO] Found 1 unread email(s) with PDF attachments.
2026-04-15 14:58:12,544 [INFO] =======================================================
2026-04-15 14:58:12,544 [INFO] Processing: 'FW: [Scan] 2026-04-15 14:20'
2026-04-15 14:58:12,544 [INFO]   Downloading '2026-04-15 14-20.pdf'...
2026-04-15 14:58:12,999 [INFO]   Rendering PDF pages...
2026-04-15 14:58:13,241 [INFO]   Scanning for QR code...
2026-04-15 14:58:13,488 [INFO]   QR → Job: 2501  Location: 0420  Cost Code: 312323-20
2026-04-15 14:58:13,489 [INFO]   Running OCR...
2026-04-15 14:58:14,325 [ERROR]   FAILED on '2026-04-15 14-20.pdf': look-behind requires fixed-width pattern
2026-04-15 14:58:14,325 [ERROR] Error logged → 'FW: [Scan] 2026-04-15 14:20': Attachment '2026-04-15 14-20.pdf': PatternError: look-behind requires fixed-width pattern
Traceback (most recent call last):
  File "C:\Users\dawson.h\desktop\ticket-to-excel-automation\ticket_processor.py", line 750, in process_email
    ticket_data = extract_ticket_data_ocr(images)
  File "C:\Users\dawson.h\desktop\ticket-to-excel-automation\ticket_processor.py", line 447, in extract_ticket_data_ocr
    "net_tons":      _ocr_net_tons(full_text),
                     ~~~~~~~~~~~~~^^^^^^^^^^^
  File "C:\Users\dawson.h\desktop\ticket-to-excel-automation\ticket_processor.py", line 545, in _ocr_net_tons
    m = re.search(pattern, text, re.IGNORECASE)
  File "C:\Users\dawson.h\AppData\Local\Python\pythoncore-3.14-64\Lib\re\__init__.py", line 177, in search
    return _compile(pattern, flags).search(string)
           ~~~~~~~~^^^^^^^^^^^^^^^^
  File "C:\Users\dawson.h\AppData\Local\Python\pythoncore-3.14-64\Lib\re\__init__.py", line 350, in _compile
    p = _compiler.compile(pattern, flags)
  File "C:\Users\dawson.h\AppData\Local\Python\pythoncore-3.14-64\Lib\re\_compiler.py", line 766, in compile
    code = _code(p, flags)
  File "C:\Users\dawson.h\AppData\Local\Python\pythoncore-3.14-64\Lib\re\_compiler.py", line 599, in _code
    _compile(code, p.data, flags)
    ~~~~~~~~^^^^^^^^^^^^^^^^^^^^^
  File "C:\Users\dawson.h\AppData\Local\Python\pythoncore-3.14-64\Lib\re\_compiler.py", line 160, in _compile
    raise PatternError("look-behind requires fixed-width pattern")
re.PatternError: look-behind requires fixed-width pattern

2026-04-15 14:58:14,326 [INFO] =======================================================
2026-04-15 14:58:14,327 [INFO] Complete — success: 0  failed: 1  (failed emails remain unread for retry)
2026-04-15 14:58:14,327 [INFO] =======================================================
2026-04-15 14:59:35,626 [INFO] =======================================================
2026-04-15 14:59:35,627 [INFO] Ticket Processing Automation — starting
2026-04-15 14:59:35,627 [INFO] Run time: 2026-04-15 14:59:35
2026-04-15 14:59:35,627 [INFO] =======================================================
2026-04-15 14:59:35,628 [INFO] Credentials loaded from: C:\Users\dawson.h\Desktop\ticket-to-excel-automation\.env
2026-04-15 14:59:35,628 [INFO] AZURE_TENANT_ID starts with: 'b4ed'
2026-04-15 14:59:36,387 [INFO] Authenticated with Microsoft Graph API.
2026-04-15 14:59:37,215 [INFO] Found 1 unread email(s) with PDF attachments.
2026-04-15 14:59:37,216 [INFO] =======================================================
2026-04-15 14:59:37,217 [INFO] Processing: 'FW: [Scan] 2026-04-15 14:20'
2026-04-15 14:59:37,217 [INFO]   Downloading '2026-04-15 14-20.pdf'...
2026-04-15 14:59:37,663 [INFO]   Rendering PDF pages...
2026-04-15 14:59:37,896 [INFO]   Scanning for QR code...
2026-04-15 14:59:38,146 [INFO]   QR → Job: 2501  Location: 0420  Cost Code: 312323-20
2026-04-15 14:59:38,146 [INFO]   Running OCR...
2026-04-15 14:59:38,975 [INFO]   OCR → Ticket: System  Date: 8/6/2025  Net Tons: 18.64
2026-04-15 14:59:38,975 [INFO]   Writing to Excel...
2026-04-15 14:59:38,981 [ERROR]   FAILED on '2026-04-15 14-20.pdf': [Errno 13] Permission denied: 'materials_log.xlsx'
2026-04-15 14:59:38,982 [ERROR] Error logged → 'FW: [Scan] 2026-04-15 14:20': Attachment '2026-04-15 14-20.pdf': PermissionError: [Errno 13] Permission denied: 'materials_log.xlsx'
Traceback (most recent call last):
  File "C:\Users\dawson.h\desktop\ticket-to-excel-automation\ticket_processor.py", line 766, in process_email
    write_to_excel(qr_data, ticket_data)
    ~~~~~~~~~~~~~~^^^^^^^^^^^^^^^^^^^^^^
  File "C:\Users\dawson.h\desktop\ticket-to-excel-automation\ticket_processor.py", line 603, in write_to_excel
    workbook.save(excel_path)
    ~~~~~~~~~~~~~^^^^^^^^^^^^
  File "C:\Users\dawson.h\AppData\Local\Python\pythoncore-3.14-64\Lib\site-packages\openpyxl\workbook\workbook.py", line 386, in save
    save_workbook(self, filename)
    ~~~~~~~~~~~~~^^^^^^^^^^^^^^^^
  File "C:\Users\dawson.h\AppData\Local\Python\pythoncore-3.14-64\Lib\site-packages\openpyxl\writer\excel.py", line 291, in save_workbook
    archive = ZipFile(filename, 'w', ZIP_DEFLATED, allowZip64=True)
  File "C:\Users\dawson.h\AppData\Local\Python\pythoncore-3.14-64\Lib\zipfile\__init__.py", line 1453, in __init__
    self.fp = io.open(file, filemode)
              ~~~~~~~^^^^^^^^^^^^^^^^
PermissionError: [Errno 13] Permission denied: 'materials_log.xlsx'

2026-04-15 14:59:38,983 [INFO] =======================================================
2026-04-15 14:59:38,983 [INFO] Complete — success: 0  failed: 1  (failed emails remain unread for retry)
2026-04-15 14:59:38,983 [INFO] =======================================================
2026-04-15 15:00:19,386 [INFO] =======================================================
2026-04-15 15:00:19,386 [INFO] Ticket Processing Automation — starting
2026-04-15 15:00:19,386 [INFO] Run time: 2026-04-15 15:00:19
2026-04-15 15:00:19,386 [INFO] =======================================================
2026-04-15 15:00:19,387 [INFO] Credentials loaded from: C:\Users\dawson.h\Desktop\ticket-to-excel-automation\.env
2026-04-15 15:00:19,387 [INFO] AZURE_TENANT_ID starts with: 'b4ed'
2026-04-15 15:00:19,976 [INFO] Authenticated with Microsoft Graph API.
2026-04-15 15:00:20,701 [INFO] Found 1 unread email(s) with PDF attachments.
2026-04-15 15:00:20,702 [INFO] =======================================================
2026-04-15 15:00:20,702 [INFO] Processing: 'FW: [Scan] 2026-04-15 14:20'
2026-04-15 15:00:20,702 [INFO]   Downloading '2026-04-15 14-20.pdf'...
2026-04-15 15:00:21,178 [INFO]   Rendering PDF pages...
2026-04-15 15:00:21,426 [INFO]   Scanning for QR code...
2026-04-15 15:00:21,674 [INFO]   QR → Job: 2501  Location: 0420  Cost Code: 312323-20
2026-04-15 15:00:21,674 [INFO]   Running OCR...
2026-04-15 15:00:22,592 [INFO]   OCR → Ticket: System  Date: 8/6/2025  Net Tons: 18.64
2026-04-15 15:00:22,592 [INFO]   Writing to Excel...
2026-04-15 15:00:22,611 [INFO] Excel: wrote ticket System to tab '312323-20' in materials_log.xlsx.
2026-04-15 15:00:22,611 [INFO]   Uploading to SharePoint...
2026-04-15 15:00:24,683 [INFO] SharePoint: uploaded '2501-System-862025.pdf' → https://vancouvermjhughes.sharepoint.com/Shared%20Documents/MJHughes%20OPEN%20JOBS/2501-System-862025.pdf
2026-04-15 15:00:24,684 [INFO]   Sending confirmation email...
2026-04-15 15:00:25,041 [WARNING]   Confirmation email not sent (will continue): 403 Client Error: Forbidden for url: https://graph.microsoft.com/v1.0/users/help@mjhughes.com/messages/AAMkAGJhMTljYmM4LTk5MmQtNGYzYy1iMjVkLTQxYjIyYmJjYjAwZQBGAAAAAACGS7jncFP_TrzrW1Hz7wysBwCf5kq4dgz5QZHK1WIWgeP-AAAAAAEMAACf5kq4dgz5QZHK1WIWgeP-AAAAAAk9AAA=/reply
2026-04-15 15:00:25,043 [INFO]   Marking email as read...
2026-04-15 15:00:25,501 [INFO] Marked email AAMkAGJhMTljYmM4LTk5MmQtNGYzYy1iMjVkLTQxYjIyYmJjYjAwZQBGAAAAAACGS7jncFP_TrzrW1Hz7wysBwCf5kq4dgz5QZHK1WIWgeP-AAAAAAEMAACf5kq4dgz5QZHK1WIWgeP-AAAAAAk9AAA= as read.
2026-04-15 15:00:25,501 [INFO]   Done: 'FW: [Scan] 2026-04-15 14:20'
2026-04-15 15:00:25,503 [INFO] =======================================================
2026-04-15 15:00:25,503 [INFO] Complete — success: 1  failed: 0  (failed emails remain unread for retry)
2026-04-15 15:00:25,503 [INFO] =======================================================
2026-04-15 15:09:18,834 [INFO] =======================================================
2026-04-15 15:09:18,834 [INFO] Ticket Processing Automation — starting
2026-04-15 15:09:18,834 [INFO] Run time: 2026-04-15 15:09:18
2026-04-15 15:09:18,835 [INFO] =======================================================
2026-04-15 15:09:18,835 [INFO] Credentials loaded from: C:\Users\dawson.h\Desktop\ticket-to-excel-automation\.env
2026-04-15 15:09:18,835 [INFO] AZURE_TENANT_ID starts with: 'b4ed'
2026-04-15 15:09:19,450 [INFO] Authenticated with Microsoft Graph API.
2026-04-15 15:09:20,568 [INFO] Found 2 unread email(s) with PDF attachments.
2026-04-15 15:09:20,569 [INFO] =======================================================
2026-04-15 15:09:20,569 [INFO] Processing: 'FW: [Scan] 2026-04-15 14:20'
2026-04-15 15:09:20,569 [INFO]   Downloading '2026-04-15 14-20.pdf'...
2026-04-15 15:09:21,019 [INFO]   Rendering PDF pages...
2026-04-15 15:09:21,288 [INFO]   Scanning for QR code...
2026-04-15 15:09:21,544 [INFO]   QR → Job: 2501  Location: 0420  Cost Code: 312323-20
2026-04-15 15:09:21,545 [INFO]   Running OCR...
2026-04-15 15:09:22,473 [INFO]   OCR → Ticket: System  Date: 8/6/2025  Net Tons: 18.64
2026-04-15 15:09:22,473 [INFO]   Writing to Excel...
2026-04-15 15:09:22,488 [INFO] Excel: wrote ticket System to tab '312323-20' in materials_log.xlsx.
2026-04-15 15:09:22,489 [INFO]   Uploading to SharePoint...
2026-04-15 15:09:24,354 [INFO] SharePoint: uploaded '2501-System-862025.pdf' → https://vancouvermjhughes.sharepoint.com/Shared%20Documents/MJHughes%20OPEN%20JOBS/2501-System-862025.pdf
2026-04-15 15:09:24,355 [INFO]   Sending confirmation email...
2026-04-15 15:09:24,683 [WARNING]   Confirmation email not sent (will continue): 403 Client Error: Forbidden for url: https://graph.microsoft.com/v1.0/users/help@mjhughes.com/messages/AAMkAGJhMTljYmM4LTk5MmQtNGYzYy1iMjVkLTQxYjIyYmJjYjAwZQBGAAAAAACGS7jncFP_TrzrW1Hz7wysBwCf5kq4dgz5QZHK1WIWgeP-AAAAAAEMAACf5kq4dgz5QZHK1WIWgeP-AAAAAAk9AAA=/reply
2026-04-15 15:09:24,685 [INFO]   Marking email as read...
2026-04-15 15:09:25,056 [INFO] Marked email AAMkAGJhMTljYmM4LTk5MmQtNGYzYy1iMjVkLTQxYjIyYmJjYjAwZQBGAAAAAACGS7jncFP_TrzrW1Hz7wysBwCf5kq4dgz5QZHK1WIWgeP-AAAAAAEMAACf5kq4dgz5QZHK1WIWgeP-AAAAAAk9AAA= as read.
2026-04-15 15:09:25,056 [INFO]   Done: 'FW: [Scan] 2026-04-15 14:20'
2026-04-15 15:09:25,058 [INFO] =======================================================
2026-04-15 15:09:25,058 [INFO] Processing: '[Scan] 2026-04-15 14:20'
2026-04-15 15:09:25,058 [INFO]   Downloading '2026-04-15 14-20.pdf'...
2026-04-15 15:09:25,534 [INFO]   Rendering PDF pages...
2026-04-15 15:09:25,753 [INFO]   Scanning for QR code...
2026-04-15 15:09:25,992 [INFO]   QR → Job: 2501  Location: 0420  Cost Code: 312323-20
2026-04-15 15:09:25,992 [INFO]   Running OCR...
2026-04-15 15:09:26,813 [INFO]   OCR → Ticket: System  Date: 8/6/2025  Net Tons: 18.64
2026-04-15 15:09:26,813 [INFO]   Writing to Excel...
2026-04-15 15:09:26,834 [INFO] Excel: wrote ticket System to tab '312323-20' in materials_log.xlsx.
2026-04-15 15:09:26,834 [INFO]   Uploading to SharePoint...
2026-04-15 15:09:28,716 [INFO] SharePoint: uploaded '2501-System-862025.pdf' → https://vancouvermjhughes.sharepoint.com/Shared%20Documents/MJHughes%20OPEN%20JOBS/2501-System-862025.pdf
2026-04-15 15:09:28,718 [INFO]   Sending confirmation email...
2026-04-15 15:09:29,044 [WARNING]   Confirmation email not sent (will continue): 403 Client Error: Forbidden for url: https://graph.microsoft.com/v1.0/users/help@mjhughes.com/messages/AAMkAGJhMTljYmM4LTk5MmQtNGYzYy1iMjVkLTQxYjIyYmJjYjAwZQBGAAAAAACGS7jncFP_TrzrW1Hz7wysBwCf5kq4dgz5QZHK1WIWgeP-AAAAAAEKAACf5kq4dgz5QZHK1WIWgeP-AAAAACixAAA=/reply
2026-04-15 15:09:29,046 [INFO]   Marking email as read...
2026-04-15 15:09:29,468 [INFO] Marked email AAMkAGJhMTljYmM4LTk5MmQtNGYzYy1iMjVkLTQxYjIyYmJjYjAwZQBGAAAAAACGS7jncFP_TrzrW1Hz7wysBwCf5kq4dgz5QZHK1WIWgeP-AAAAAAEKAACf5kq4dgz5QZHK1WIWgeP-AAAAACixAAA= as read.
2026-04-15 15:09:29,468 [INFO]   Done: '[Scan] 2026-04-15 14:20'
2026-04-15 15:09:29,470 [INFO] =======================================================
2026-04-15 15:09:29,470 [INFO] Complete — success: 2  failed: 0  (failed emails remain unread for retry)
2026-04-15 15:09:29,470 [INFO] =======================================================
2026-04-15 15:13:48,478 [INFO] =======================================================
2026-04-15 15:13:48,478 [INFO] Ticket Processing Automation — starting
2026-04-15 15:13:48,479 [INFO] Run time: 2026-04-15 15:13:48
2026-04-15 15:13:48,479 [INFO] =======================================================
2026-04-15 15:13:48,479 [INFO] Credentials loaded from: C:\Users\dawson.h\Desktop\ticket-to-excel-automation\.env
2026-04-15 15:13:48,479 [INFO] AZURE_TENANT_ID starts with: 'b4ed'
2026-04-15 15:13:49,251 [INFO] Authenticated with Microsoft Graph API.
2026-04-15 15:13:49,979 [INFO] Found 1 unread email(s) with PDF attachments.
2026-04-15 15:13:49,981 [INFO] =======================================================
2026-04-15 15:13:49,981 [INFO] Processing: 'FW: [Scan] 2026-04-15 14:20'
2026-04-15 15:13:49,981 [INFO]   Downloading '2026-04-15 14-20.pdf'...
2026-04-15 15:13:50,441 [INFO]   Rendering PDF pages...
2026-04-15 15:13:50,698 [INFO]   Scanning for QR code...
2026-04-15 15:13:50,953 [INFO]   QR → Job: 2501  Location: 0420  Cost Code: 312323-20
2026-04-15 15:13:50,953 [INFO]   Running OCR...
2026-04-15 15:13:51,865 [INFO]   OCR → Ticket: 15580  Date: 8/6/2025  Net Tons: 18.64
2026-04-15 15:13:51,865 [INFO]   Writing to Excel...
2026-04-15 15:13:51,882 [INFO] Excel: wrote ticket 15580 to tab '312323-20' in materials_log.xlsx.
2026-04-15 15:13:51,882 [INFO]   Uploading to SharePoint...
2026-04-15 15:13:53,960 [INFO] SharePoint: uploaded '2501-15580-862025.pdf' → https://vancouvermjhughes.sharepoint.com/Shared%20Documents/MJHughes%20OPEN%20JOBS/2501-15580-862025.pdf
2026-04-15 15:13:53,962 [INFO]   Sending confirmation email...
2026-04-15 15:13:54,302 [WARNING]   Confirmation email not sent (will continue): 403 Client Error: Forbidden for url: https://graph.microsoft.com/v1.0/users/help@mjhughes.com/messages/AAMkAGJhMTljYmM4LTk5MmQtNGYzYy1iMjVkLTQxYjIyYmJjYjAwZQBGAAAAAACGS7jncFP_TrzrW1Hz7wysBwCf5kq4dgz5QZHK1WIWgeP-AAAAAAEMAACf5kq4dgz5QZHK1WIWgeP-AAAAAAk9AAA=/reply
2026-04-15 15:13:54,304 [INFO]   Marking email as read...
2026-04-15 15:13:54,712 [INFO] Marked email AAMkAGJhMTljYmM4LTk5MmQtNGYzYy1iMjVkLTQxYjIyYmJjYjAwZQBGAAAAAACGS7jncFP_TrzrW1Hz7wysBwCf5kq4dgz5QZHK1WIWgeP-AAAAAAEMAACf5kq4dgz5QZHK1WIWgeP-AAAAAAk9AAA= as read.
2026-04-15 15:13:54,713 [INFO]   Done: 'FW: [Scan] 2026-04-15 14:20'
2026-04-15 15:13:54,714 [INFO] =======================================================
2026-04-15 15:13:54,714 [INFO] Complete — success: 1  failed: 0  (failed emails remain unread for retry)
2026-04-15 15:13:54,714 [INFO] =======================================================
2026-04-15 15:19:13,087 [INFO] =======================================================
2026-04-15 15:19:13,087 [INFO] Ticket Processing Automation — starting
2026-04-15 15:19:13,088 [INFO] Run time: 2026-04-15 15:19:13
2026-04-15 15:19:13,088 [INFO] =======================================================
2026-04-15 15:19:13,088 [INFO] Credentials loaded from: C:\Users\dawson.h\Desktop\ticket-to-excel-automation\.env
2026-04-15 15:19:13,088 [INFO] AZURE_TENANT_ID starts with: 'b4ed'
2026-04-15 15:19:13,847 [INFO] Authenticated with Microsoft Graph API.
2026-04-15 15:19:14,585 [INFO] Found 1 unread email(s) with PDF attachments.
2026-04-15 15:19:14,587 [INFO] =======================================================
2026-04-15 15:19:14,587 [INFO] Processing: 'FW: [Scan] 2026-04-15 14:20'
2026-04-15 15:19:14,588 [INFO]   Downloading '2026-04-15 14-20.pdf'...
2026-04-15 15:19:15,050 [INFO]   Rendering PDF pages...
2026-04-15 15:19:15,279 [INFO]   Scanning for QR code...
2026-04-15 15:19:15,518 [INFO]   QR → Job: 2501  Location: 0420  Cost Code: 312323-20
2026-04-15 15:19:15,518 [INFO]   Running OCR...
2026-04-15 15:19:16,338 [INFO] OCR debug: raw text saved to ocr_debug.txt
2026-04-15 15:19:16,455 [INFO] OCR debug: first page image saved to ocr_debug.png
2026-04-15 15:19:16,457 [INFO]   OCR → Ticket: 15580  Date: 8/6/2025  Net Tons: 18.64
2026-04-15 15:19:16,457 [INFO]   Writing to Excel...
2026-04-15 15:19:16,461 [ERROR]   FAILED on '2026-04-15 14-20.pdf': [Errno 13] Permission denied: 'materials_log.xlsx'
2026-04-15 15:19:16,462 [ERROR] Error logged → 'FW: [Scan] 2026-04-15 14:20': Attachment '2026-04-15 14-20.pdf': PermissionError: [Errno 13] Permission denied: 'materials_log.xlsx'
Traceback (most recent call last):
  File "C:\Users\dawson.h\desktop\ticket-to-excel-automation\ticket_processor.py", line 837, in process_email
    write_to_excel(qr_data, ticket_data)
    ~~~~~~~~~~~~~~^^^^^^^^^^^^^^^^^^^^^^
  File "C:\Users\dawson.h\desktop\ticket-to-excel-automation\ticket_processor.py", line 674, in write_to_excel
    workbook.save(excel_path)
    ~~~~~~~~~~~~~^^^^^^^^^^^^
  File "C:\Users\dawson.h\AppData\Local\Python\pythoncore-3.14-64\Lib\site-packages\openpyxl\workbook\workbook.py", line 386, in save
    save_workbook(self, filename)
    ~~~~~~~~~~~~~^^^^^^^^^^^^^^^^
  File "C:\Users\dawson.h\AppData\Local\Python\pythoncore-3.14-64\Lib\site-packages\openpyxl\writer\excel.py", line 291, in save_workbook
    archive = ZipFile(filename, 'w', ZIP_DEFLATED, allowZip64=True)
  File "C:\Users\dawson.h\AppData\Local\Python\pythoncore-3.14-64\Lib\zipfile\__init__.py", line 1453, in __init__
    self.fp = io.open(file, filemode)
              ~~~~~~~^^^^^^^^^^^^^^^^
PermissionError: [Errno 13] Permission denied: 'materials_log.xlsx'

2026-04-15 15:19:16,463 [INFO] =======================================================
2026-04-15 15:19:16,463 [INFO] Complete — success: 0  failed: 1  (failed emails remain unread for retry)
2026-04-15 15:19:16,463 [INFO] =======================================================
2026-04-15 15:19:32,660 [INFO] =======================================================
2026-04-15 15:19:32,660 [INFO] Ticket Processing Automation — starting
2026-04-15 15:19:32,660 [INFO] Run time: 2026-04-15 15:19:32
2026-04-15 15:19:32,661 [INFO] =======================================================
2026-04-15 15:19:32,661 [INFO] Credentials loaded from: C:\Users\dawson.h\Desktop\ticket-to-excel-automation\.env
2026-04-15 15:19:32,661 [INFO] AZURE_TENANT_ID starts with: 'b4ed'
2026-04-15 15:19:33,384 [INFO] Authenticated with Microsoft Graph API.
2026-04-15 15:19:34,104 [INFO] Found 1 unread email(s) with PDF attachments.
2026-04-15 15:19:34,106 [INFO] =======================================================
2026-04-15 15:19:34,106 [INFO] Processing: 'FW: [Scan] 2026-04-15 14:20'
2026-04-15 15:19:34,106 [INFO]   Downloading '2026-04-15 14-20.pdf'...
2026-04-15 15:19:34,552 [INFO]   Rendering PDF pages...
2026-04-15 15:19:34,782 [INFO]   Scanning for QR code...
2026-04-15 15:19:35,028 [INFO]   QR → Job: 2501  Location: 0420  Cost Code: 312323-20
2026-04-15 15:19:35,028 [INFO]   Running OCR...
2026-04-15 15:19:35,851 [INFO] OCR debug: raw text saved to ocr_debug.txt
2026-04-15 15:19:35,984 [INFO] OCR debug: first page image saved to ocr_debug.png
2026-04-15 15:19:35,988 [INFO]   OCR → Ticket: 15580  Date: 8/6/2025  Net Tons: 18.64
2026-04-15 15:19:35,988 [INFO]   Writing to Excel...
2026-04-15 15:19:36,005 [INFO] Excel: wrote ticket 15580 to tab '312323-20' in materials_log.xlsx.
2026-04-15 15:19:36,005 [INFO]   Uploading to SharePoint...
2026-04-15 15:19:38,072 [INFO] SharePoint: uploaded '2501-15580-862025.pdf' → https://vancouvermjhughes.sharepoint.com/Shared%20Documents/MJHughes%20OPEN%20JOBS/2501-15580-862025.pdf
2026-04-15 15:19:38,073 [INFO]   Sending confirmation email...
2026-04-15 15:19:38,426 [WARNING]   Confirmation email not sent (will continue): 403 Client Error: Forbidden for url: https://graph.microsoft.com/v1.0/users/help@mjhughes.com/messages/AAMkAGJhMTljYmM4LTk5MmQtNGYzYy1iMjVkLTQxYjIyYmJjYjAwZQBGAAAAAACGS7jncFP_TrzrW1Hz7wysBwCf5kq4dgz5QZHK1WIWgeP-AAAAAAEMAACf5kq4dgz5QZHK1WIWgeP-AAAAAAk9AAA=/reply
2026-04-15 15:19:38,428 [INFO]   Marking email as read...
2026-04-15 15:19:38,921 [INFO] Marked email AAMkAGJhMTljYmM4LTk5MmQtNGYzYy1iMjVkLTQxYjIyYmJjYjAwZQBGAAAAAACGS7jncFP_TrzrW1Hz7wysBwCf5kq4dgz5QZHK1WIWgeP-AAAAAAEMAACf5kq4dgz5QZHK1WIWgeP-AAAAAAk9AAA= as read.
2026-04-15 15:19:38,922 [INFO]   Done: 'FW: [Scan] 2026-04-15 14:20'
2026-04-15 15:19:38,923 [INFO] =======================================================
2026-04-15 15:19:38,923 [INFO] Complete — success: 1  failed: 0  (failed emails remain unread for retry)
2026-04-15 15:19:38,923 [INFO] =======================================================
2026-04-15 15:24:53,428 [INFO] =======================================================
2026-04-15 15:24:53,429 [INFO] Ticket Processing Automation — starting
2026-04-15 15:24:53,429 [INFO] Run time: 2026-04-15 15:24:53
2026-04-15 15:24:53,429 [INFO] =======================================================
2026-04-15 15:24:53,429 [INFO] Credentials loaded from: C:\Users\dawson.h\Desktop\ticket-to-excel-automation\.env
2026-04-15 15:24:53,429 [INFO] AZURE_TENANT_ID starts with: 'b4ed'
2026-04-15 15:24:54,000 [INFO] Authenticated with Microsoft Graph API.
2026-04-15 15:24:54,764 [INFO] Found 1 unread email(s) with PDF attachments.
2026-04-15 15:24:54,765 [INFO] =======================================================
2026-04-15 15:24:54,765 [INFO] Processing: 'FW: [Scan] 2026-04-15 14:20'
2026-04-15 15:24:54,765 [INFO]   Downloading '2026-04-15 14-20.pdf'...
2026-04-15 15:24:55,235 [INFO]   Rendering PDF pages...
2026-04-15 15:24:55,471 [INFO]   Scanning for QR code...
2026-04-15 15:24:55,712 [INFO]   QR → Job: 2501  Location: 0420  Cost Code: 312323-20
2026-04-15 15:24:55,712 [INFO]   Running OCR...
2026-04-15 15:24:56,523 [INFO] OCR debug: raw text saved to ocr_debug.txt
2026-04-15 15:24:56,639 [INFO] OCR debug: first page image saved to ocr_debug.png
2026-04-15 15:24:56,641 [INFO]   OCR → Ticket: 16800  Date: 8/6/2025  Facility: 800 Bradley Quarry  Customer: C0520 MJ Hughes Construction  Net Tons: 18.64
2026-04-15 15:24:56,641 [INFO]   Writing to Excel...
2026-04-15 15:24:56,657 [INFO] Excel: wrote ticket 16800 to tab '312323-20' in materials_log.xlsx.
2026-04-15 15:24:56,658 [INFO]   Uploading to SharePoint...
2026-04-15 15:24:58,785 [INFO] SharePoint: uploaded '2501-16800-862025.pdf' → https://vancouvermjhughes.sharepoint.com/Shared%20Documents/MJHughes%20OPEN%20JOBS/2501-16800-862025.pdf
2026-04-15 15:24:58,787 [INFO]   Sending confirmation email...
2026-04-15 15:24:59,133 [WARNING]   Confirmation email not sent (will continue): 403 Client Error: Forbidden for url: https://graph.microsoft.com/v1.0/users/help@mjhughes.com/messages/AAMkAGJhMTljYmM4LTk5MmQtNGYzYy1iMjVkLTQxYjIyYmJjYjAwZQBGAAAAAACGS7jncFP_TrzrW1Hz7wysBwCf5kq4dgz5QZHK1WIWgeP-AAAAAAEMAACf5kq4dgz5QZHK1WIWgeP-AAAAAAk9AAA=/reply
2026-04-15 15:24:59,135 [INFO]   Marking email as read...
2026-04-15 15:24:59,547 [INFO] Marked email AAMkAGJhMTljYmM4LTk5MmQtNGYzYy1iMjVkLTQxYjIyYmJjYjAwZQBGAAAAAACGS7jncFP_TrzrW1Hz7wysBwCf5kq4dgz5QZHK1WIWgeP-AAAAAAEMAACf5kq4dgz5QZHK1WIWgeP-AAAAAAk9AAA= as read.
2026-04-15 15:24:59,547 [INFO]   Done: 'FW: [Scan] 2026-04-15 14:20'
2026-04-15 15:24:59,548 [INFO] =======================================================
2026-04-15 15:24:59,548 [INFO] Complete — success: 1  failed: 0  (failed emails remain unread for retry)
2026-04-15 15:24:59,549 [INFO] =======================================================
2026-04-15 15:30:51,713 [INFO] =======================================================
2026-04-15 15:30:51,713 [INFO] Ticket Processing Automation — starting
2026-04-15 15:30:51,713 [INFO] Run time: 2026-04-15 15:30:51
2026-04-15 15:30:51,713 [INFO] =======================================================
2026-04-15 15:30:51,714 [INFO] Credentials loaded from: C:\Users\dawson.h\Desktop\ticket-to-excel-automation\.env
2026-04-15 15:30:51,714 [INFO] AZURE_TENANT_ID starts with: 'b4ed'
2026-04-15 15:30:52,467 [INFO] Authenticated with Microsoft Graph API.
2026-04-15 15:30:53,180 [INFO] Found 1 unread email(s) with PDF attachments.
2026-04-15 15:30:53,182 [INFO] =======================================================
2026-04-15 15:30:53,182 [INFO] Processing: 'FW: [Scan] 2026-04-15 14:20'
2026-04-15 15:30:53,183 [INFO]   Downloading '2026-04-15 14-20.pdf'...
2026-04-15 15:30:53,611 [INFO]   Rendering PDF pages...
2026-04-15 15:30:53,866 [INFO]   Scanning for QR code...
2026-04-15 15:30:54,129 [INFO]   QR → Job: 2501  Location: 0420  Cost Code: 312323-20
2026-04-15 15:30:54,130 [INFO]   Running OCR...
2026-04-15 15:30:55,038 [INFO] OCR debug: raw text saved to ocr_debug.txt
2026-04-15 15:30:55,168 [INFO] OCR debug: first page image saved to ocr_debug.png
2026-04-15 15:30:55,169 [INFO]   OCR → Ticket: 16800  Date: 8/6/2025  Facility: 800 Bradley Quarry  Customer: C0520 MJ Hughes Construction  Net Tons: 18.64
2026-04-15 15:30:55,169 [INFO]   Writing to Excel...
2026-04-15 15:30:55,170 [INFO] Created new workbook: materials_log.xlsx
2026-04-15 15:30:55,170 [INFO] Created new tab for cost code: 312323-20
2026-04-15 15:30:55,186 [INFO] Excel: wrote ticket 16800 to tab '312323-20' in materials_log.xlsx.
2026-04-15 15:30:55,186 [INFO]   Uploading to SharePoint...
2026-04-15 15:30:57,509 [INFO] SharePoint: uploaded '2501-16800-862025.pdf' → https://vancouvermjhughes.sharepoint.com/Shared%20Documents/MJHughes%20OPEN%20JOBS/2501-16800-862025.pdf
2026-04-15 15:30:57,511 [INFO]   Sending confirmation email...
2026-04-15 15:30:57,841 [WARNING]   Confirmation email not sent (will continue): 403 Client Error: Forbidden for url: https://graph.microsoft.com/v1.0/users/help@mjhughes.com/messages/AAMkAGJhMTljYmM4LTk5MmQtNGYzYy1iMjVkLTQxYjIyYmJjYjAwZQBGAAAAAACGS7jncFP_TrzrW1Hz7wysBwCf5kq4dgz5QZHK1WIWgeP-AAAAAAEMAACf5kq4dgz5QZHK1WIWgeP-AAAAAAk9AAA=/reply
2026-04-15 15:30:57,842 [INFO]   Marking email as read...
2026-04-15 15:30:58,223 [INFO] Marked email AAMkAGJhMTljYmM4LTk5MmQtNGYzYy1iMjVkLTQxYjIyYmJjYjAwZQBGAAAAAACGS7jncFP_TrzrW1Hz7wysBwCf5kq4dgz5QZHK1WIWgeP-AAAAAAEMAACf5kq4dgz5QZHK1WIWgeP-AAAAAAk9AAA= as read.
2026-04-15 15:30:58,224 [INFO]   Done: 'FW: [Scan] 2026-04-15 14:20'
2026-04-15 15:30:58,225 [INFO] =======================================================
2026-04-15 15:30:58,226 [INFO] Complete — success: 1  failed: 0  (failed emails remain unread for retry)
2026-04-15 15:30:58,226 [INFO] =======================================================
2026-04-15 15:33:09,319 [INFO] =======================================================
2026-04-15 15:33:09,319 [INFO] Ticket Processing Automation — starting
2026-04-15 15:33:09,319 [INFO] Run time: 2026-04-15 15:33:09
2026-04-15 15:33:09,319 [INFO] =======================================================
2026-04-15 15:33:09,319 [INFO] Credentials loaded from: C:\Users\dawson.h\Desktop\ticket-to-excel-automation\.env
2026-04-15 15:33:09,319 [INFO] AZURE_TENANT_ID starts with: 'b4ed'
2026-04-15 15:33:09,875 [INFO] Authenticated with Microsoft Graph API.
2026-04-15 15:33:10,770 [INFO] Found 1 unread email(s) with PDF attachments.
2026-04-15 15:33:10,771 [INFO] =======================================================
2026-04-15 15:33:10,772 [INFO] Processing: 'FW: [Scan] 2026-04-15 15:31'
2026-04-15 15:33:10,772 [INFO]   Downloading '2026-04-15 15-31.pdf'...
2026-04-15 15:33:11,208 [INFO]   Rendering PDF pages...
2026-04-15 15:33:11,469 [INFO]   Scanning for QR code...
2026-04-15 15:33:11,744 [INFO]   QR → Job: 2501  Location: 0420  Cost Code: 312323-20
2026-04-15 15:33:11,744 [INFO]   Running OCR...
2026-04-15 15:33:12,663 [INFO] OCR debug: raw text saved to ocr_debug.txt
2026-04-15 15:33:12,814 [INFO] OCR debug: first page image saved to ocr_debug.png
2026-04-15 15:33:12,817 [WARNING] OCR: could not extract 'date'.
2026-04-15 15:33:12,818 [WARNING] OCR: could not extract 'ticket_number'.
2026-04-15 15:33:12,818 [INFO]   OCR → Ticket:   Date:   Facility: 800 Bradiey Quarry Pays  Customer: C0520 MJ Hughes Construction  Net Tons: 19.27
2026-04-15 15:33:12,818 [INFO]   Writing to Excel...
2026-04-15 15:33:12,823 [ERROR]   FAILED on '2026-04-15 15-31.pdf': [Errno 13] Permission denied: 'materials_log.xlsx'
2026-04-15 15:33:12,824 [ERROR] Error logged → 'FW: [Scan] 2026-04-15 15:31': Attachment '2026-04-15 15-31.pdf': PermissionError: [Errno 13] Permission denied: 'materials_log.xlsx'
Traceback (most recent call last):
  File "C:\Users\dawson.h\desktop\ticket-to-excel-automation\ticket_processor.py", line 871, in process_email
    write_to_excel(qr_data, ticket_data)
    ~~~~~~~~~~~~~~^^^^^^^^^^^^^^^^^^^^^^
  File "C:\Users\dawson.h\desktop\ticket-to-excel-automation\ticket_processor.py", line 706, in write_to_excel
    workbook.save(excel_path)
    ~~~~~~~~~~~~~^^^^^^^^^^^^
  File "C:\Users\dawson.h\AppData\Local\Python\pythoncore-3.14-64\Lib\site-packages\openpyxl\workbook\workbook.py", line 386, in save
    save_workbook(self, filename)
    ~~~~~~~~~~~~~^^^^^^^^^^^^^^^^
  File "C:\Users\dawson.h\AppData\Local\Python\pythoncore-3.14-64\Lib\site-packages\openpyxl\writer\excel.py", line 291, in save_workbook
    archive = ZipFile(filename, 'w', ZIP_DEFLATED, allowZip64=True)
  File "C:\Users\dawson.h\AppData\Local\Python\pythoncore-3.14-64\Lib\zipfile\__init__.py", line 1453, in __init__
    self.fp = io.open(file, filemode)
              ~~~~~~~^^^^^^^^^^^^^^^^
PermissionError: [Errno 13] Permission denied: 'materials_log.xlsx'

2026-04-15 15:33:12,825 [INFO] =======================================================
2026-04-15 15:33:12,825 [INFO] Complete — success: 0  failed: 1  (failed emails remain unread for retry)
2026-04-15 15:33:12,825 [INFO] =======================================================
2026-04-15 15:33:23,189 [INFO] =======================================================
2026-04-15 15:33:23,190 [INFO] Ticket Processing Automation — starting
2026-04-15 15:33:23,190 [INFO] Run time: 2026-04-15 15:33:23
2026-04-15 15:33:23,190 [INFO] =======================================================
2026-04-15 15:33:23,190 [INFO] Credentials loaded from: C:\Users\dawson.h\Desktop\ticket-to-excel-automation\.env
2026-04-15 15:33:23,190 [INFO] AZURE_TENANT_ID starts with: 'b4ed'
2026-04-15 15:33:23,702 [INFO] Authenticated with Microsoft Graph API.
2026-04-15 15:33:24,418 [INFO] Found 1 unread email(s) with PDF attachments.
2026-04-15 15:33:24,420 [INFO] =======================================================
2026-04-15 15:33:24,420 [INFO] Processing: 'FW: [Scan] 2026-04-15 15:31'
2026-04-15 15:33:24,420 [INFO]   Downloading '2026-04-15 15-31.pdf'...
2026-04-15 15:33:24,937 [INFO]   Rendering PDF pages...
2026-04-15 15:33:25,195 [INFO]   Scanning for QR code...
2026-04-15 15:33:25,484 [INFO]   QR → Job: 2501  Location: 0420  Cost Code: 312323-20
2026-04-15 15:33:25,484 [INFO]   Running OCR...
2026-04-15 15:33:26,381 [INFO] OCR debug: raw text saved to ocr_debug.txt
2026-04-15 15:33:26,518 [INFO] OCR debug: first page image saved to ocr_debug.png
2026-04-15 15:33:26,520 [WARNING] OCR: could not extract 'date'.
2026-04-15 15:33:26,520 [WARNING] OCR: could not extract 'ticket_number'.
2026-04-15 15:33:26,520 [INFO]   OCR → Ticket:   Date:   Facility: 800 Bradiey Quarry Pays  Customer: C0520 MJ Hughes Construction  Net Tons: 19.27
2026-04-15 15:33:26,521 [INFO]   Writing to Excel...
2026-04-15 15:33:26,537 [INFO] Excel: wrote ticket  to tab '312323-20' in materials_log.xlsx.
2026-04-15 15:33:26,537 [INFO]   Uploading to SharePoint...
2026-04-15 15:33:28,611 [INFO] SharePoint: uploaded '2501--20260415.pdf' → https://vancouvermjhughes.sharepoint.com/Shared%20Documents/MJHughes%20OPEN%20JOBS/2501--20260415.pdf
2026-04-15 15:33:28,613 [INFO]   Sending confirmation email...
2026-04-15 15:33:29,008 [WARNING]   Confirmation email not sent (will continue): 403 Client Error: Forbidden for url: https://graph.microsoft.com/v1.0/users/help@mjhughes.com/messages/AAMkAGJhMTljYmM4LTk5MmQtNGYzYy1iMjVkLTQxYjIyYmJjYjAwZQBGAAAAAACGS7jncFP_TrzrW1Hz7wysBwCf5kq4dgz5QZHK1WIWgeP-AAAAAAEMAACf5kq4dgz5QZHK1WIWgeP-AAAAAAlAAAA=/reply
2026-04-15 15:33:29,010 [INFO]   Marking email as read...
2026-04-15 15:33:29,378 [INFO] Marked email AAMkAGJhMTljYmM4LTk5MmQtNGYzYy1iMjVkLTQxYjIyYmJjYjAwZQBGAAAAAACGS7jncFP_TrzrW1Hz7wysBwCf5kq4dgz5QZHK1WIWgeP-AAAAAAEMAACf5kq4dgz5QZHK1WIWgeP-AAAAAAlAAAA= as read.
2026-04-15 15:33:29,378 [INFO]   Done: 'FW: [Scan] 2026-04-15 15:31'
2026-04-15 15:33:29,380 [INFO] =======================================================
2026-04-15 15:33:29,380 [INFO] Complete — success: 1  failed: 0  (failed emails remain unread for retry)
2026-04-15 15:33:29,381 [INFO] =======================================================
2026-04-15 15:37:12,671 [INFO] =======================================================
2026-04-15 15:37:12,671 [INFO] Ticket Processing Automation — starting
2026-04-15 15:37:12,671 [INFO] Run time: 2026-04-15 15:37:12
2026-04-15 15:37:12,672 [INFO] =======================================================
2026-04-15 15:37:12,672 [INFO] Credentials loaded from: C:\Users\dawson.h\Desktop\ticket-to-excel-automation\.env
2026-04-15 15:37:12,672 [INFO] AZURE_TENANT_ID starts with: 'b4ed'
2026-04-15 15:37:13,490 [INFO] Authenticated with Microsoft Graph API.
2026-04-15 15:37:14,194 [INFO] Found 1 unread email(s) with PDF attachments.
2026-04-15 15:37:14,196 [INFO] =======================================================
2026-04-15 15:37:14,197 [INFO] Processing: 'FW: [Scan] 2026-04-15 15:31'
2026-04-15 15:37:14,197 [INFO]   Downloading '2026-04-15 15-31.pdf'...
2026-04-15 15:37:14,711 [INFO]   Rendering PDF pages...
2026-04-15 15:37:14,970 [INFO]   Scanning for QR code...
2026-04-15 15:37:15,252 [INFO]   QR → Job: 2501  Location: 0420  Cost Code: 312323-20
2026-04-15 15:37:15,252 [INFO]   Running OCR...
2026-04-15 15:37:16,150 [INFO] OCR debug: raw text saved to ocr_debug.txt
2026-04-15 15:37:16,291 [INFO] OCR debug: first page image saved to ocr_debug.png
2026-04-15 15:37:16,293 [WARNING] OCR: could not extract 'date'.
2026-04-15 15:37:16,294 [WARNING] OCR: could not extract 'ticket_number'.
2026-04-15 15:37:16,294 [INFO]   OCR → Ticket:   Date:   Facility: 800 Bradiey Quarry  Customer: C0520 MJ Hughes Construction  Net Tons: 19.27
2026-04-15 15:37:16,294 [INFO]   Writing to Excel...
2026-04-15 15:37:16,311 [INFO] Excel: wrote ticket  to tab '312323-20' in materials_log.xlsx.
2026-04-15 15:37:16,312 [INFO]   Uploading to SharePoint...
2026-04-15 15:37:18,292 [INFO] SharePoint: uploaded '2501--20260415.pdf' → https://vancouvermjhughes.sharepoint.com/Shared%20Documents/MJHughes%20OPEN%20JOBS/2501--20260415.pdf
2026-04-15 15:37:18,294 [INFO]   Sending confirmation email...
2026-04-15 15:37:18,614 [WARNING]   Confirmation email not sent (will continue): 403 Client Error: Forbidden for url: https://graph.microsoft.com/v1.0/users/help@mjhughes.com/messages/AAMkAGJhMTljYmM4LTk5MmQtNGYzYy1iMjVkLTQxYjIyYmJjYjAwZQBGAAAAAACGS7jncFP_TrzrW1Hz7wysBwCf5kq4dgz5QZHK1WIWgeP-AAAAAAEMAACf5kq4dgz5QZHK1WIWgeP-AAAAAAlAAAA=/reply
2026-04-15 15:37:18,615 [INFO]   Marking email as read...
2026-04-15 15:37:19,039 [INFO] Marked email AAMkAGJhMTljYmM4LTk5MmQtNGYzYy1iMjVkLTQxYjIyYmJjYjAwZQBGAAAAAACGS7jncFP_TrzrW1Hz7wysBwCf5kq4dgz5QZHK1WIWgeP-AAAAAAEMAACf5kq4dgz5QZHK1WIWgeP-AAAAAAlAAAA= as read.
2026-04-15 15:37:19,040 [INFO]   Done: 'FW: [Scan] 2026-04-15 15:31'
2026-04-15 15:37:19,041 [INFO] =======================================================
2026-04-15 15:37:19,041 [INFO] Complete — success: 1  failed: 0  (failed emails remain unread for retry)
2026-04-15 15:37:19,041 [INFO] =======================================================
2026-04-15 15:44:54,856 [INFO] =======================================================
2026-04-15 15:44:54,856 [INFO] Ticket Processing Automation — starting
2026-04-15 15:44:54,856 [INFO] Run time: 2026-04-15 15:44:54
2026-04-15 15:44:54,856 [INFO] =======================================================
2026-04-15 15:44:54,856 [INFO] Credentials loaded from: C:\Users\dawson.h\Desktop\ticket-to-excel-automation\.env
2026-04-15 15:44:54,857 [INFO] AZURE_TENANT_ID starts with: 'b4ed'
2026-04-15 15:44:55,745 [INFO] Authenticated with Microsoft Graph API.
2026-04-15 15:44:56,458 [INFO] Found 1 unread email(s) with PDF attachments.
2026-04-15 15:44:56,460 [INFO] =======================================================
2026-04-15 15:44:56,460 [INFO] Processing: 'FW: [Scan] 2026-04-15 15:31'
2026-04-15 15:44:56,460 [INFO]   Downloading '2026-04-15 15-31.pdf'...
2026-04-15 15:44:56,918 [INFO]   Rendering PDF pages...
2026-04-15 15:44:57,175 [INFO]   Scanning for QR code...
2026-04-15 15:44:57,451 [INFO]   QR → Job: 2501  Location: 0420  Cost Code: 312323-20
2026-04-15 15:44:57,451 [INFO]   Running OCR...
2026-04-15 15:44:58,351 [INFO] OCR debug: raw text saved to ocr_debug.txt
2026-04-15 15:44:58,485 [INFO] OCR debug: first page image saved to ocr_debug.png
2026-04-15 15:44:58,488 [INFO]   OCR → Ticket: 16815  Date: 6/2025  Facility: 800 Bradiey Quarry  Customer: C0520 MJ Hughes Construction  Net Tons: 19.27
2026-04-15 15:44:58,488 [INFO]   Writing to Excel...
2026-04-15 15:44:58,503 [INFO] Excel: wrote ticket 16815 to tab '312323-20' in materials_log.xlsx.
2026-04-15 15:44:58,503 [INFO]   Uploading to SharePoint...
2026-04-15 15:45:00,484 [INFO] SharePoint: uploaded '2501-16815-62025.pdf' → https://vancouvermjhughes.sharepoint.com/Shared%20Documents/MJHughes%20OPEN%20JOBS/2501-16815-62025.pdf
2026-04-15 15:45:00,485 [INFO]   Sending confirmation email...
2026-04-15 15:45:00,807 [WARNING]   Confirmation email not sent (will continue): 403 Client Error: Forbidden for url: https://graph.microsoft.com/v1.0/users/help@mjhughes.com/messages/AAMkAGJhMTljYmM4LTk5MmQtNGYzYy1iMjVkLTQxYjIyYmJjYjAwZQBGAAAAAACGS7jncFP_TrzrW1Hz7wysBwCf5kq4dgz5QZHK1WIWgeP-AAAAAAEMAACf5kq4dgz5QZHK1WIWgeP-AAAAAAlAAAA=/reply
2026-04-15 15:45:00,809 [INFO]   Marking email as read...
2026-04-15 15:45:01,192 [INFO] Marked email AAMkAGJhMTljYmM4LTk5MmQtNGYzYy1iMjVkLTQxYjIyYmJjYjAwZQBGAAAAAACGS7jncFP_TrzrW1Hz7wysBwCf5kq4dgz5QZHK1WIWgeP-AAAAAAEMAACf5kq4dgz5QZHK1WIWgeP-AAAAAAlAAAA= as read.
2026-04-15 15:45:01,192 [INFO]   Done: 'FW: [Scan] 2026-04-15 15:31'
2026-04-15 15:45:01,194 [INFO] =======================================================
2026-04-15 15:45:01,194 [INFO] Complete — success: 1  failed: 0  (failed emails remain unread for retry)
2026-04-15 15:45:01,195 [INFO] =======================================================
2026-04-15 15:50:15,697 [INFO] =======================================================
2026-04-15 15:50:15,697 [INFO] Ticket Processing Automation — starting
2026-04-15 15:50:15,697 [INFO] Run time: 2026-04-15 15:50:15
2026-04-15 15:50:15,698 [INFO] =======================================================
2026-04-15 15:50:15,698 [INFO] Credentials loaded from: C:\Users\dawson.h\Desktop\ticket-to-excel-automation\.env
2026-04-15 15:50:15,698 [INFO] AZURE_TENANT_ID starts with: 'b4ed'
2026-04-15 15:50:16,447 [INFO] Authenticated with Microsoft Graph API.
2026-04-15 15:50:17,139 [INFO] Found 1 unread email(s) with PDF attachments.
2026-04-15 15:50:17,141 [INFO] =======================================================
2026-04-15 15:50:17,142 [INFO] Processing: 'FW: [Scan] 2026-04-15 15:31'
2026-04-15 15:50:17,142 [INFO]   Downloading '2026-04-15 15-31.pdf'...
2026-04-15 15:50:17,544 [INFO]   Rendering PDF pages...
2026-04-15 15:50:17,803 [INFO]   Scanning for QR code...
2026-04-15 15:50:18,083 [INFO]   QR → Job: 2501  Location: 0420  Cost Code: 312323-20
2026-04-15 15:50:18,083 [INFO]   Running OCR...
2026-04-15 15:50:18,950 [INFO] OCR debug: raw text saved to ocr_debug.txt
2026-04-15 15:50:19,081 [INFO] OCR debug: first page image saved to ocr_debug.png
2026-04-15 15:50:19,083 [INFO]   OCR → Ticket: 16815  Date: REVIEW REQUIRED  Facility: 800 Bradiey Quarry  Customer: C0520 MJ Hughes Construction  Net Tons: 19.27
2026-04-15 15:50:19,083 [INFO]   Writing to Excel...
2026-04-15 15:50:19,102 [INFO] Excel: wrote ticket 16815 to tab '312323-20' in materials_log.xlsx.
2026-04-15 15:50:19,102 [INFO]   Uploading to SharePoint...
2026-04-15 15:50:21,035 [INFO] SharePoint: uploaded '2501-16815-REVIEWREQUIRED.pdf' → https://vancouvermjhughes.sharepoint.com/Shared%20Documents/MJHughes%20OPEN%20JOBS/2501-16815-REVIEWREQUIRED.pdf
2026-04-15 15:50:21,036 [INFO]   Sending confirmation email...
2026-04-15 15:50:21,393 [WARNING]   Confirmation email not sent (will continue): 403 Client Error: Forbidden for url: https://graph.microsoft.com/v1.0/users/help@mjhughes.com/messages/AAMkAGJhMTljYmM4LTk5MmQtNGYzYy1iMjVkLTQxYjIyYmJjYjAwZQBGAAAAAACGS7jncFP_TrzrW1Hz7wysBwCf5kq4dgz5QZHK1WIWgeP-AAAAAAEMAACf5kq4dgz5QZHK1WIWgeP-AAAAAAlAAAA=/reply
2026-04-15 15:50:21,395 [INFO]   Marking email as read...
2026-04-15 15:50:21,893 [INFO] Marked email AAMkAGJhMTljYmM4LTk5MmQtNGYzYy1iMjVkLTQxYjIyYmJjYjAwZQBGAAAAAACGS7jncFP_TrzrW1Hz7wysBwCf5kq4dgz5QZHK1WIWgeP-AAAAAAEMAACf5kq4dgz5QZHK1WIWgeP-AAAAAAlAAAA= as read.
2026-04-15 15:50:21,893 [INFO]   Done: 'FW: [Scan] 2026-04-15 15:31'
2026-04-15 15:50:21,894 [INFO] =======================================================
2026-04-15 15:50:21,894 [INFO] Complete — success: 1  failed: 0  (failed emails remain unread for retry)
2026-04-15 15:50:21,895 [INFO] =======================================================
2026-04-15 15:55:25,896 [INFO] =======================================================
2026-04-15 15:55:25,896 [INFO] Ticket Processing Automation — starting
2026-04-15 15:55:25,897 [INFO] Run time: 2026-04-15 15:55:25
2026-04-15 15:55:25,897 [INFO] =======================================================
2026-04-15 15:55:25,897 [INFO] Credentials loaded from: C:\Users\dawson.h\Desktop\ticket-to-excel-automation\.env
2026-04-15 15:55:25,897 [INFO] AZURE_TENANT_ID starts with: 'b4ed'
2026-04-15 15:55:26,617 [INFO] Authenticated with Microsoft Graph API.
2026-04-15 15:55:27,361 [INFO] Found 1 unread email(s) with PDF attachments.
2026-04-15 15:55:27,362 [INFO] =======================================================
2026-04-15 15:55:27,362 [INFO] Processing: 'FW: [Scan] 2026-04-15 15:31'
2026-04-15 15:55:27,363 [INFO]   Downloading '2026-04-15 15-31.pdf'...
2026-04-15 15:55:27,816 [INFO]   Rendering PDF pages...
2026-04-15 15:55:28,075 [INFO]   Scanning for QR code...
2026-04-15 15:55:28,354 [INFO]   QR → Job: 2501  Location: 0420  Cost Code: 312323-20
2026-04-15 15:55:28,354 [INFO]   Running OCR...
2026-04-15 15:55:29,224 [INFO] OCR debug: raw text saved to ocr_debug.txt
2026-04-15 15:55:29,359 [INFO] OCR debug: first page image saved to ocr_debug.png
2026-04-15 15:55:29,361 [INFO] New facility saved to known_facilities.txt: '800 Bradiey Quarry'
2026-04-15 15:55:29,361 [INFO]   OCR → Ticket: 16815  Date: REVIEW REQUIRED  Facility: 800 Bradiey Quarry  Customer: C0520 MJ Hughes Construction  Net Tons: 19.27
2026-04-15 15:55:29,361 [INFO]   Writing to Excel...
2026-04-15 15:55:29,380 [INFO] Excel: wrote ticket 16815 to tab '312323-20' in materials_log.xlsx.
2026-04-15 15:55:29,380 [INFO]   Uploading to SharePoint...
2026-04-15 15:55:31,253 [INFO] SharePoint: uploaded '2501-16815-REVIEWREQUIRED.pdf' → https://vancouvermjhughes.sharepoint.com/Shared%20Documents/MJHughes%20OPEN%20JOBS/2501-16815-REVIEWREQUIRED.pdf
2026-04-15 15:55:31,255 [INFO]   Sending confirmation email...
2026-04-15 15:55:31,674 [WARNING]   Confirmation email not sent (will continue): 403 Client Error: Forbidden for url: https://graph.microsoft.com/v1.0/users/help@mjhughes.com/messages/AAMkAGJhMTljYmM4LTk5MmQtNGYzYy1iMjVkLTQxYjIyYmJjYjAwZQBGAAAAAACGS7jncFP_TrzrW1Hz7wysBwCf5kq4dgz5QZHK1WIWgeP-AAAAAAEMAACf5kq4dgz5QZHK1WIWgeP-AAAAAAlAAAA=/reply
2026-04-15 15:55:31,676 [INFO]   Marking email as read...
2026-04-15 15:55:32,102 [INFO] Marked email AAMkAGJhMTljYmM4LTk5MmQtNGYzYy1iMjVkLTQxYjIyYmJjYjAwZQBGAAAAAACGS7jncFP_TrzrW1Hz7wysBwCf5kq4dgz5QZHK1WIWgeP-AAAAAAEMAACf5kq4dgz5QZHK1WIWgeP-AAAAAAlAAAA= as read.
2026-04-15 15:55:32,102 [INFO]   Done: 'FW: [Scan] 2026-04-15 15:31'
2026-04-15 15:55:32,104 [INFO] =======================================================
2026-04-15 15:55:32,104 [INFO] Complete — success: 1  failed: 0  (failed emails remain unread for retry)
2026-04-15 15:55:32,104 [INFO] =======================================================
2026-04-15 16:09:18,275 [INFO] =======================================================
2026-04-15 16:09:18,275 [INFO] Ticket Processing Automation — starting
2026-04-15 16:09:18,275 [INFO] Run time: 2026-04-15 16:09:18
2026-04-15 16:09:18,275 [INFO] =======================================================
2026-04-15 16:09:18,275 [INFO] Credentials loaded from: C:\Users\dawson.h\Desktop\ticket-to-excel-automation\.env
2026-04-15 16:09:18,276 [INFO] AZURE_TENANT_ID starts with: 'b4ed'
2026-04-15 16:09:19,110 [INFO] Authenticated with Microsoft Graph API.
2026-04-15 16:09:19,918 [INFO] Found 1 unread email(s) with PDF attachments.
2026-04-15 16:09:19,920 [INFO] =======================================================
2026-04-15 16:09:19,920 [INFO] Processing: 'FW: [Scan] 2026-04-15 16:06'
2026-04-15 16:09:19,920 [INFO]   Downloading '2026-04-15 16-06.pdf'...
2026-04-15 16:09:20,407 [INFO]   Rendering PDF pages...
2026-04-15 16:09:20,628 [INFO]   Scanning for QR code...
2026-04-15 16:09:20,863 [INFO]   QR → Job: 2501  Location: 0510  Cost Code: 312323-21
2026-04-15 16:09:20,864 [INFO]   Running OCR...
2026-04-15 16:09:21,674 [INFO] OCR debug: raw text saved to ocr_debug.txt
2026-04-15 16:09:21,785 [INFO] OCR debug: first page image saved to ocr_debug.png
2026-04-15 16:09:21,791 [INFO] Facility fuzzy-corrected: '800 Sraciey Quarry' → '800 Bradiey Quarry'
2026-04-15 16:09:21,793 [WARNING] OCR: could not extract 'net_tons'.
2026-04-15 16:09:21,793 [INFO]   OCR → Ticket: 19672  Date: REVIEW REQUIRED  Facility: 800 Bradiey Quarry  Customer: CO520 MJ Hughes Construction  Net Tons: 
2026-04-15 16:09:21,793 [INFO]   Writing to Excel...
2026-04-15 16:09:21,796 [INFO] Created new tab for cost code: 312323-21
2026-04-15 16:09:21,818 [INFO] Excel: wrote ticket 19672 to tab '312323-21' in materials_log.xlsx.
2026-04-15 16:09:21,818 [INFO]   Uploading to SharePoint...
2026-04-15 16:09:23,802 [INFO] SharePoint: uploaded '2501-19672-REVIEWREQUIRED.pdf' → https://vancouvermjhughes.sharepoint.com/Shared%20Documents/MJHughes%20OPEN%20JOBS/2501-19672-REVIEWREQUIRED.pdf
2026-04-15 16:09:23,803 [INFO]   Sending confirmation email...
2026-04-15 16:09:24,289 [WARNING]   Confirmation email not sent (will continue): 403 Client Error: Forbidden for url: https://graph.microsoft.com/v1.0/users/help@mjhughes.com/messages/AAMkAGJhMTljYmM4LTk5MmQtNGYzYy1iMjVkLTQxYjIyYmJjYjAwZQBGAAAAAACGS7jncFP_TrzrW1Hz7wysBwCf5kq4dgz5QZHK1WIWgeP-AAAAAAEMAACf5kq4dgz5QZHK1WIWgeP-AAAAAAlDAAA=/reply
2026-04-15 16:09:24,290 [INFO]   Marking email as read...
2026-04-15 16:09:24,723 [INFO] Marked email AAMkAGJhMTljYmM4LTk5MmQtNGYzYy1iMjVkLTQxYjIyYmJjYjAwZQBGAAAAAACGS7jncFP_TrzrW1Hz7wysBwCf5kq4dgz5QZHK1WIWgeP-AAAAAAEMAACf5kq4dgz5QZHK1WIWgeP-AAAAAAlDAAA= as read.
2026-04-15 16:09:24,723 [INFO]   Done: 'FW: [Scan] 2026-04-15 16:06'
2026-04-15 16:09:24,724 [INFO] =======================================================
2026-04-15 16:09:24,724 [INFO] Complete — success: 1  failed: 0  (failed emails remain unread for retry)
2026-04-15 16:09:24,724 [INFO] =======================================================
2026-04-15 16:14:11,281 [INFO] =======================================================
2026-04-15 16:14:11,282 [INFO] Ticket Processing Automation — starting
2026-04-15 16:14:11,282 [INFO] Run time: 2026-04-15 16:14:11
2026-04-15 16:14:11,282 [INFO] =======================================================
2026-04-15 16:14:11,282 [INFO] Credentials loaded from: C:\Users\dawson.h\Desktop\ticket-to-excel-automation\.env
2026-04-15 16:14:11,282 [INFO] AZURE_TENANT_ID starts with: 'b4ed'
2026-04-15 16:14:11,845 [INFO] Authenticated with Microsoft Graph API.
2026-04-15 16:14:12,537 [INFO] Found 1 unread email(s) with PDF attachments.
2026-04-15 16:14:12,538 [INFO] =======================================================
2026-04-15 16:14:12,539 [INFO] Processing: 'FW: [Scan] 2026-04-15 16:06'
2026-04-15 16:14:12,539 [INFO]   Downloading '2026-04-15 16-06.pdf'...
2026-04-15 16:14:12,995 [INFO]   Rendering PDF pages...
2026-04-15 16:14:13,217 [INFO]   Scanning for QR code...
2026-04-15 16:14:13,450 [INFO]   QR → Job: 2501  Location: 0510  Cost Code: 312323-21
2026-04-15 16:14:13,450 [INFO]   Running OCR...
2026-04-15 16:14:14,255 [INFO] OCR debug: raw text saved to ocr_debug.txt
2026-04-15 16:14:14,363 [INFO] OCR debug: first page image saved to ocr_debug.png
2026-04-15 16:14:14,365 [INFO] Facility fuzzy-corrected: '800 Sraciey Quarry' → '800 Bradiey Quarry'
2026-04-15 16:14:14,367 [WARNING] OCR: could not extract 'net_tons'.
2026-04-15 16:14:14,368 [INFO]   OCR → Ticket: 19672  Date: REVIEW REQUIRED  Facility: 800 Bradiey Quarry  Customer: CO520 MJ Hughes Construction  Net Tons: 
2026-04-15 16:14:14,368 [INFO]   Writing to Excel...
2026-04-15 16:14:14,393 [INFO] Excel: wrote ticket 19672 to tab '312323-21' in materials_log.xlsx.
2026-04-15 16:14:14,394 [INFO]   Uploading to SharePoint...
2026-04-15 16:14:16,237 [INFO] SharePoint: uploaded '2501-19672-REVIEWREQUIRED.pdf' → https://vancouvermjhughes.sharepoint.com/Shared%20Documents/MJHughes%20OPEN%20JOBS/2501-19672-REVIEWREQUIRED.pdf
2026-04-15 16:14:16,239 [INFO]   Sending confirmation email...
2026-04-15 16:14:16,591 [WARNING]   Confirmation email not sent (will continue): 403 Client Error: Forbidden for url: https://graph.microsoft.com/v1.0/users/help@mjhughes.com/messages/AAMkAGJhMTljYmM4LTk5MmQtNGYzYy1iMjVkLTQxYjIyYmJjYjAwZQBGAAAAAACGS7jncFP_TrzrW1Hz7wysBwCf5kq4dgz5QZHK1WIWgeP-AAAAAAEMAACf5kq4dgz5QZHK1WIWgeP-AAAAAAlDAAA=/reply
2026-04-15 16:14:16,593 [INFO]   Marking email as read...
2026-04-15 16:14:16,978 [INFO] Marked email AAMkAGJhMTljYmM4LTk5MmQtNGYzYy1iMjVkLTQxYjIyYmJjYjAwZQBGAAAAAACGS7jncFP_TrzrW1Hz7wysBwCf5kq4dgz5QZHK1WIWgeP-AAAAAAEMAACf5kq4dgz5QZHK1WIWgeP-AAAAAAlDAAA= as read.
2026-04-15 16:14:16,979 [INFO]   Done: 'FW: [Scan] 2026-04-15 16:06'
2026-04-15 16:14:16,980 [INFO] =======================================================
2026-04-15 16:14:16,981 [INFO] Complete — success: 1  failed: 0  (failed emails remain unread for retry)
2026-04-15 16:14:16,981 [INFO] =======================================================
2026-04-15 16:22:54,381 [INFO] =======================================================
2026-04-15 16:22:54,381 [INFO] Ticket Processing Automation — starting
2026-04-15 16:22:54,381 [INFO] Run time: 2026-04-15 16:22:54
2026-04-15 16:22:54,381 [INFO] =======================================================
2026-04-15 16:22:54,382 [INFO] Credentials loaded from: C:\Users\dawson.h\Desktop\ticket-to-excel-automation\.env
2026-04-15 16:22:54,382 [INFO] AZURE_TENANT_ID starts with: 'b4ed'
2026-04-15 16:22:54,928 [INFO] Authenticated with Microsoft Graph API.
2026-04-15 16:22:56,036 [INFO] Found 1 unread email(s) with PDF attachments.
2026-04-15 16:22:56,037 [INFO] =======================================================
2026-04-15 16:22:56,037 [INFO] Processing: 'FW: [Scan] 2026-04-15 16:20'
2026-04-15 16:22:56,037 [INFO]   Downloading '2026-04-15 16-20.pdf'...
2026-04-15 16:22:56,564 [INFO]   Rendering PDF pages...
2026-04-15 16:22:56,786 [INFO]   Scanning for QR code...
2026-04-15 16:22:57,685 [ERROR]   FAILED on '2026-04-15 16-20.pdf': No QR code matching XXXX-YYYY-CCCCCC-CC found in PDF.
2026-04-15 16:22:57,685 [ERROR] Error logged → 'FW: [Scan] 2026-04-15 16:20': Attachment '2026-04-15 16-20.pdf': ValueError: No QR code matching XXXX-YYYY-CCCCCC-CC found in PDF.
Traceback (most recent call last):
  File "C:\Users\dawson.h\desktop\ticket-to-excel-automation\ticket_processor.py", line 1003, in process_email
    raise ValueError(
        "No QR code matching XXXX-YYYY-CCCCCC-CC found in PDF."
    )
ValueError: No QR code matching XXXX-YYYY-CCCCCC-CC found in PDF.

2026-04-15 16:22:57,687 [INFO] =======================================================
2026-04-15 16:22:57,687 [INFO] Complete — success: 0  failed: 1  (failed emails remain unread for retry)
2026-04-15 16:22:57,687 [INFO] =======================================================
2026-04-15 16:23:47,053 [INFO] =======================================================
2026-04-15 16:23:47,054 [INFO] Ticket Processing Automation — starting
2026-04-15 16:23:47,054 [INFO] Run time: 2026-04-15 16:23:47
2026-04-15 16:23:47,054 [INFO] =======================================================
2026-04-15 16:23:47,054 [INFO] Credentials loaded from: C:\Users\dawson.h\Desktop\ticket-to-excel-automation\.env
2026-04-15 16:23:47,054 [INFO] AZURE_TENANT_ID starts with: 'b4ed'
2026-04-15 16:23:47,855 [INFO] Authenticated with Microsoft Graph API.
2026-04-15 16:23:48,531 [INFO] Found 1 unread email(s) with PDF attachments.
2026-04-15 16:23:48,533 [INFO] =======================================================
2026-04-15 16:23:48,534 [INFO] Processing: 'FW: [Scan] 2026-04-15 16:20'
2026-04-15 16:23:48,535 [INFO]   Downloading '2026-04-15 16-20.pdf'...
2026-04-15 16:23:48,952 [INFO]   Rendering PDF pages...
2026-04-15 16:23:49,178 [INFO]   Scanning for QR code...
2026-04-15 16:23:50,131 [ERROR]   FAILED on '2026-04-15 16-20.pdf': No QR code matching XXXX-YYYY-CCCCCC-CC found in PDF.
2026-04-15 16:23:50,131 [ERROR] Error logged → 'FW: [Scan] 2026-04-15 16:20': Attachment '2026-04-15 16-20.pdf': ValueError: No QR code matching XXXX-YYYY-CCCCCC-CC found in PDF.
Traceback (most recent call last):
  File "C:\Users\dawson.h\desktop\ticket-to-excel-automation\ticket_processor.py", line 1003, in process_email
    raise ValueError(
        "No QR code matching XXXX-YYYY-CCCCCC-CC found in PDF."
    )
ValueError: No QR code matching XXXX-YYYY-CCCCCC-CC found in PDF.

2026-04-15 16:23:50,133 [INFO] =======================================================
2026-04-15 16:23:50,133 [INFO] Complete — success: 0  failed: 1  (failed emails remain unread for retry)
2026-04-15 16:23:50,133 [INFO] =======================================================
2026-04-15 16:25:31,622 [INFO] =======================================================
2026-04-15 16:25:31,622 [INFO] Ticket Processing Automation — starting
2026-04-15 16:25:31,622 [INFO] Run time: 2026-04-15 16:25:31
2026-04-15 16:25:31,622 [INFO] =======================================================
2026-04-15 16:25:31,623 [INFO] Credentials loaded from: C:\Users\dawson.h\Desktop\ticket-to-excel-automation\.env
2026-04-15 16:25:31,623 [INFO] AZURE_TENANT_ID starts with: 'b4ed'
2026-04-15 16:25:32,193 [INFO] Authenticated with Microsoft Graph API.
2026-04-15 16:25:32,890 [INFO] Found 1 unread email(s) with PDF attachments.
2026-04-15 16:25:32,891 [INFO] =======================================================
2026-04-15 16:25:32,891 [INFO] Processing: 'FW: [Scan] 2026-04-15 16:24'
2026-04-15 16:25:32,891 [INFO]   Downloading '2026-04-15 16-24.pdf'...
2026-04-15 16:25:33,349 [INFO]   Rendering PDF pages...
2026-04-15 16:25:33,560 [INFO]   Scanning for QR code...
2026-04-15 16:25:33,787 [INFO]   QR → Job: 2501  Location: 0510  Cost Code: 312323-21
2026-04-15 16:25:33,787 [INFO]   Running OCR...
2026-04-15 16:25:34,551 [INFO] OCR debug: raw text saved to ocr_debug.txt
2026-04-15 16:25:34,659 [INFO] OCR debug: first page image saved to ocr_debug.png
2026-04-15 16:25:34,661 [INFO] Facility fuzzy-corrected: '800 Bradley Quarry' → '800 Bradiey Quarry'
2026-04-15 16:25:34,662 [WARNING] OCR: could not extract 'ticket_number'.
2026-04-15 16:25:34,663 [INFO]   OCR → Ticket:   Date: REVIEW REQUIRED  Facility: 800 Bradiey Quarry  Customer: C0520 MJ Hughes Construction  Net Tons: 17.62
2026-04-15 16:25:34,663 [INFO]   Writing to Excel...
2026-04-15 16:25:34,683 [INFO] Excel: wrote ticket  to tab '312323-21' in materials_log.xlsx.
2026-04-15 16:25:34,683 [INFO]   Uploading to SharePoint...
2026-04-15 16:25:36,869 [INFO] SharePoint: uploaded '2501--REVIEWREQUIRED.pdf' → https://vancouvermjhughes.sharepoint.com/Shared%20Documents/MJHughes%20OPEN%20JOBS/2501--REVIEWREQUIRED.pdf
2026-04-15 16:25:36,871 [INFO]   Sending confirmation email...
2026-04-15 16:25:37,364 [WARNING]   Confirmation email not sent (will continue): 403 Client Error: Forbidden for url: https://graph.microsoft.com/v1.0/users/help@mjhughes.com/messages/AAMkAGJhMTljYmM4LTk5MmQtNGYzYy1iMjVkLTQxYjIyYmJjYjAwZQBGAAAAAACGS7jncFP_TrzrW1Hz7wysBwCf5kq4dgz5QZHK1WIWgeP-AAAAAAEMAACf5kq4dgz5QZHK1WIWgeP-AAAAAAlFAAA=/reply
2026-04-15 16:25:37,366 [INFO]   Marking email as read...
2026-04-15 16:25:37,749 [INFO] Marked email AAMkAGJhMTljYmM4LTk5MmQtNGYzYy1iMjVkLTQxYjIyYmJjYjAwZQBGAAAAAACGS7jncFP_TrzrW1Hz7wysBwCf5kq4dgz5QZHK1WIWgeP-AAAAAAEMAACf5kq4dgz5QZHK1WIWgeP-AAAAAAlFAAA= as read.
2026-04-15 16:25:37,750 [INFO]   Done: 'FW: [Scan] 2026-04-15 16:24'
2026-04-15 16:25:37,751 [INFO] =======================================================
2026-04-15 16:25:37,751 [INFO] Complete — success: 1  failed: 0  (failed emails remain unread for retry)
2026-04-15 16:25:37,752 [INFO] =======================================================
2026-04-16 08:15:27,010 [INFO] =======================================================
2026-04-16 08:15:27,010 [INFO] Ticket Processing Automation — starting
2026-04-16 08:15:27,010 [INFO] Run time: 2026-04-16 08:15:27
2026-04-16 08:15:27,011 [INFO] =======================================================
2026-04-16 08:15:27,011 [INFO] Credentials loaded from: C:\Users\dawson.h\Desktop\ticket-to-excel-automation\.env
2026-04-16 08:15:27,011 [INFO] AZURE_TENANT_ID starts with: 'b4ed'
2026-04-16 08:15:27,828 [INFO] Authenticated with Microsoft Graph API.
2026-04-16 08:15:28,575 [INFO] Found 1 unread email(s) with PDF attachments.
2026-04-16 08:15:28,577 [INFO] =======================================================
2026-04-16 08:15:28,577 [INFO] Processing: 'FW: [Scan] 2026-04-15 16:06'
2026-04-16 08:15:28,577 [INFO]   Downloading '2026-04-15 16-06.pdf'...
2026-04-16 08:15:29,111 [INFO]   Rendering PDF pages...
2026-04-16 08:15:29,333 [INFO]   Scanning for QR code...
2026-04-16 08:15:29,566 [INFO]   QR → Job: 2501  Location: 0510  Cost Code: 312323-21
2026-04-16 08:15:29,567 [INFO]   Running OCR...
2026-04-16 08:15:30,373 [INFO] OCR debug: raw text saved to ocr_debug.txt
2026-04-16 08:15:30,482 [INFO] OCR debug: first page image saved to ocr_debug.png
2026-04-16 08:15:30,483 [INFO] Facility fuzzy-corrected: '800 Sraciey Quarry' → '800 Bradiey Quarry'
2026-04-16 08:15:30,484 [WARNING] OCR: could not extract 'net_tons'.
2026-04-16 08:15:30,484 [INFO]   OCR → Ticket: 19672  Date: REVIEW REQUIRED  Facility: 800 Bradiey Quarry  Customer: CO520 MJ Hughes Construction  Net Tons: 
2026-04-16 08:15:30,484 [INFO]   Writing to Excel...
2026-04-16 08:15:30,489 [INFO] Created new tab for cost code: 312323-21
2026-04-16 08:15:30,512 [INFO] Excel: wrote ticket 19672 to tab '312323-21' in materials_log.xlsx.
2026-04-16 08:15:30,512 [INFO]   Uploading to SharePoint...
2026-04-16 08:15:33,348 [INFO] SharePoint: uploaded '2501-19672-REVIEWREQUIRED.pdf' → https://vancouvermjhughes.sharepoint.com/Shared%20Documents/MJHughes%20OPEN%20JOBS/2501-19672-REVIEWREQUIRED.pdf
2026-04-16 08:15:33,349 [INFO]   Sending confirmation email...
2026-04-16 08:15:33,928 [WARNING]   Confirmation email not sent (will continue): 403 Client Error: Forbidden for url: https://graph.microsoft.com/v1.0/users/help@mjhughes.com/messages/AAMkAGJhMTljYmM4LTk5MmQtNGYzYy1iMjVkLTQxYjIyYmJjYjAwZQBGAAAAAACGS7jncFP_TrzrW1Hz7wysBwCf5kq4dgz5QZHK1WIWgeP-AAAAAAEMAACf5kq4dgz5QZHK1WIWgeP-AAAAAAlDAAA=/reply
2026-04-16 08:15:33,929 [INFO]   Marking email as read...
2026-04-16 08:15:34,448 [INFO] Marked email AAMkAGJhMTljYmM4LTk5MmQtNGYzYy1iMjVkLTQxYjIyYmJjYjAwZQBGAAAAAACGS7jncFP_TrzrW1Hz7wysBwCf5kq4dgz5QZHK1WIWgeP-AAAAAAEMAACf5kq4dgz5QZHK1WIWgeP-AAAAAAlDAAA= as read.
2026-04-16 08:15:34,448 [INFO]   Done: 'FW: [Scan] 2026-04-15 16:06'
2026-04-16 08:15:34,451 [INFO] =======================================================
2026-04-16 08:15:34,451 [INFO] Complete — success: 1  failed: 0  (failed emails remain unread for retry)
2026-04-16 08:15:34,451 [INFO] =======================================================
2026-04-16 08:22:07,795 [INFO] =======================================================
2026-04-16 08:22:07,795 [INFO] Ticket Processing Automation — starting
2026-04-16 08:22:07,796 [INFO] Run time: 2026-04-16 08:22:07
2026-04-16 08:22:07,796 [INFO] =======================================================
2026-04-16 08:22:07,796 [INFO] Credentials loaded from: C:\Users\dawson.h\Desktop\ticket-to-excel-automation\.env
2026-04-16 08:22:07,796 [INFO] AZURE_TENANT_ID starts with: 'b4ed'
2026-04-16 08:22:08,324 [INFO] Authenticated with Microsoft Graph API.
2026-04-16 08:22:09,067 [INFO] Found 1 unread email(s) with PDF attachments.
2026-04-16 08:22:09,069 [INFO] =======================================================
2026-04-16 08:22:09,069 [INFO] Processing: 'FW: [Scan] 2026-04-15 16:06'
2026-04-16 08:22:09,069 [INFO]   Downloading '2026-04-15 16-06.pdf'...
2026-04-16 08:22:09,534 [INFO]   Rendering PDF pages...
2026-04-16 08:22:09,764 [INFO]   Scanning for QR code...
2026-04-16 08:22:09,994 [INFO]   QR → Job: 2501  Location: 0510  Cost Code: 312323-21
2026-04-16 08:22:09,994 [INFO]   Running OCR...
2026-04-16 08:22:15,370 [INFO] OCR debug: raw text saved to ocr_debug.txt
2026-04-16 08:22:20,266 [INFO] OCR debug: preprocessed first page saved to ocr_debug.png
2026-04-16 08:22:20,267 [INFO] New facility saved to known_facilities.txt: '800 Sraciey Quarry oe'
2026-04-16 08:22:20,269 [INFO]   OCR → Ticket: 67140  Date: REVIEW REQUIRED  Facility: 800 Sraciey Quarry oe  Customer: C0520 MJ Hughes Construction |  Net Tons: 17.62
2026-04-16 08:22:20,269 [INFO]   Writing to Excel...
2026-04-16 08:22:20,273 [INFO] Created new tab for cost code: 312323-21
2026-04-16 08:22:20,290 [INFO] Excel: wrote ticket 67140 to tab '312323-21' in materials_log.xlsx.
2026-04-16 08:22:20,290 [INFO]   Sending confirmation email...
2026-04-16 08:22:20,634 [WARNING]   Confirmation email not sent (will continue): 403 Client Error: Forbidden for url: https://graph.microsoft.com/v1.0/users/help@mjhughes.com/messages/AAMkAGJhMTljYmM4LTk5MmQtNGYzYy1iMjVkLTQxYjIyYmJjYjAwZQBGAAAAAACGS7jncFP_TrzrW1Hz7wysBwCf5kq4dgz5QZHK1WIWgeP-AAAAAAEMAACf5kq4dgz5QZHK1WIWgeP-AAAAAAlDAAA=/reply
2026-04-16 08:22:20,635 [INFO]   Marking email as read...
2026-04-16 08:22:21,038 [INFO] Marked email AAMkAGJhMTljYmM4LTk5MmQtNGYzYy1iMjVkLTQxYjIyYmJjYjAwZQBGAAAAAACGS7jncFP_TrzrW1Hz7wysBwCf5kq4dgz5QZHK1WIWgeP-AAAAAAEMAACf5kq4dgz5QZHK1WIWgeP-AAAAAAlDAAA= as read.
2026-04-16 08:22:21,038 [INFO]   Done: 'FW: [Scan] 2026-04-15 16:06'
2026-04-16 08:22:21,040 [INFO] =======================================================
2026-04-16 08:22:21,040 [INFO] Complete — success: 1  failed: 0  (failed emails remain unread for retry)
2026-04-16 08:22:21,041 [INFO] =======================================================
2026-04-16 08:30:10,921 [INFO] =======================================================
2026-04-16 08:30:10,921 [INFO] Ticket Processing Automation — starting
2026-04-16 08:30:10,921 [INFO] Run time: 2026-04-16 08:30:10
2026-04-16 08:30:10,921 [INFO] =======================================================
2026-04-16 08:30:10,921 [INFO] Credentials loaded from: C:\Users\dawson.h\Desktop\ticket-to-excel-automation\.env
2026-04-16 08:30:10,921 [INFO] AZURE_TENANT_ID starts with: 'b4ed'
2026-04-16 08:30:11,413 [INFO] Authenticated with Microsoft Graph API.
2026-04-16 08:30:12,327 [INFO] Found 1 unread email(s) with PDF attachments.
2026-04-16 08:30:12,329 [INFO] =======================================================
2026-04-16 08:30:12,329 [INFO] Processing: 'FW: [Scan] 2026-04-15 16:06'
2026-04-16 08:30:12,329 [INFO]   Downloading '2026-04-15 16-06.pdf'...
2026-04-16 08:30:12,790 [INFO]   Rendering PDF pages...
2026-04-16 08:30:13,026 [INFO]   Scanning for QR code...
2026-04-16 08:30:13,267 [INFO]   QR → Job: 2501  Location: 0510  Cost Code: 312323-21
2026-04-16 08:30:13,267 [INFO]   Running OCR...
2026-04-16 08:30:14,783 [INFO] OCR debug: raw text saved to ocr_debug.txt
2026-04-16 08:30:15,357 [INFO] OCR debug: preprocessed first page saved to ocr_debug.png
2026-04-16 08:30:15,364 [INFO] Facility fuzzy-corrected: 'S8& Sraciey Quarry' → 'Sraciey Quarry oe'
2026-04-16 08:30:15,366 [WARNING] OCR: could not extract 'material'.
2026-04-16 08:30:15,367 [WARNING] OCR: could not extract 'ticket_number'.
2026-04-16 08:30:15,367 [WARNING] OCR: could not extract 'net_tons'.
2026-04-16 08:30:15,367 [INFO]   OCR → Ticket:   Date: Qs2DS 4 9672  Facility: Sraciey Quarry oe  Customer: C0520 MJ Hughes Construction  Net Tons: 
2026-04-16 08:30:15,367 [INFO]   Writing to Excel...
2026-04-16 08:30:15,370 [INFO] Created new tab for cost code: 312323-21
2026-04-16 08:30:15,384 [INFO] Excel: wrote ticket  to tab '312323-21' in materials_log.xlsx.
2026-04-16 08:30:15,384 [INFO]   Sending confirmation email...
2026-04-16 08:30:15,784 [WARNING]   Confirmation email not sent (will continue): 403 Client Error: Forbidden for url: https://graph.microsoft.com/v1.0/users/help@mjhughes.com/messages/AAMkAGJhMTljYmM4LTk5MmQtNGYzYy1iMjVkLTQxYjIyYmJjYjAwZQBGAAAAAACGS7jncFP_TrzrW1Hz7wysBwCf5kq4dgz5QZHK1WIWgeP-AAAAAAEMAACf5kq4dgz5QZHK1WIWgeP-AAAAAAlDAAA=/reply
2026-04-16 08:30:15,785 [INFO]   Marking email as read...
2026-04-16 08:30:16,211 [INFO] Marked email AAMkAGJhMTljYmM4LTk5MmQtNGYzYy1iMjVkLTQxYjIyYmJjYjAwZQBGAAAAAACGS7jncFP_TrzrW1Hz7wysBwCf5kq4dgz5QZHK1WIWgeP-AAAAAAEMAACf5kq4dgz5QZHK1WIWgeP-AAAAAAlDAAA= as read.
2026-04-16 08:30:16,211 [INFO]   Done: 'FW: [Scan] 2026-04-15 16:06'
2026-04-16 08:30:16,212 [INFO] =======================================================
2026-04-16 08:30:16,212 [INFO] Complete — success: 1  failed: 0  (failed emails remain unread for retry)
2026-04-16 08:30:16,213 [INFO] =======================================================
2026-04-16 08:34:35,209 [INFO] =======================================================
2026-04-16 08:34:35,209 [INFO] Ticket Processing Automation — starting
2026-04-16 08:34:35,209 [INFO] Run time: 2026-04-16 08:34:35
2026-04-16 08:34:35,210 [INFO] =======================================================
2026-04-16 08:34:35,210 [INFO] Credentials loaded from: C:\Users\dawson.h\Desktop\ticket-to-excel-automation\.env
2026-04-16 08:34:35,210 [INFO] AZURE_TENANT_ID starts with: 'b4ed'
2026-04-16 08:34:35,980 [INFO] Authenticated with Microsoft Graph API.
2026-04-16 08:34:36,377 [INFO] Found 0 unread email(s) with PDF attachments.
2026-04-16 08:34:36,379 [INFO] No unread emails with PDF attachments. Nothing to do.
2026-04-16 08:34:51,895 [INFO] =======================================================
2026-04-16 08:34:51,896 [INFO] Ticket Processing Automation — starting
2026-04-16 08:34:51,896 [INFO] Run time: 2026-04-16 08:34:51
2026-04-16 08:34:51,896 [INFO] =======================================================
2026-04-16 08:34:51,897 [INFO] Credentials loaded from: C:\Users\dawson.h\Desktop\ticket-to-excel-automation\.env
2026-04-16 08:34:51,897 [INFO] AZURE_TENANT_ID starts with: 'b4ed'
2026-04-16 08:34:52,578 [INFO] Authenticated with Microsoft Graph API.
2026-04-16 08:34:53,298 [INFO] Found 1 unread email(s) with PDF attachments.
2026-04-16 08:34:53,299 [INFO] =======================================================
2026-04-16 08:34:53,299 [INFO] Processing: 'FW: [Scan] 2026-04-15 16:06'
2026-04-16 08:34:53,300 [INFO]   Downloading '2026-04-15 16-06.pdf'...
2026-04-16 08:34:53,754 [INFO]   Rendering PDF pages...
2026-04-16 08:34:53,973 [INFO]   Scanning for QR code...
2026-04-16 08:34:54,214 [INFO]   QR → Job: 2501  Location: 0510  Cost Code: 312323-21
2026-04-16 08:34:54,214 [INFO]   Running OCR...
2026-04-16 08:34:55,653 [INFO] OCR debug: raw text saved to ocr_debug.txt
2026-04-16 08:34:56,215 [INFO] OCR debug: preprocessed first page saved to ocr_debug.png
2026-04-16 08:34:56,218 [INFO] Facility fuzzy-corrected: 'S8& Sraciey Quarry' → 'Sraciey Quarry oe'
2026-04-16 08:34:56,220 [WARNING] OCR: could not extract 'material'.
2026-04-16 08:34:56,220 [WARNING] OCR: could not extract 'ticket_number'.
2026-04-16 08:34:56,220 [WARNING] OCR: could not extract 'net_tons'.
2026-04-16 08:34:56,220 [INFO]   OCR → Ticket:   Date: Qs2DS 4 9672  Facility: Sraciey Quarry oe  Customer: C0520 MJ Hughes Construction  Net Tons: 
2026-04-16 08:34:56,220 [INFO]   Writing to Excel...
2026-04-16 08:34:56,224 [INFO] Created new tab for cost code: 312323-21
2026-04-16 08:34:56,232 [INFO] Excel: wrote ticket  to tab '312323-21' in materials_log.xlsx.
2026-04-16 08:34:56,232 [INFO]   Sending confirmation email...
2026-04-16 08:34:56,570 [WARNING]   Confirmation email not sent (will continue): 403 Client Error: Forbidden for url: https://graph.microsoft.com/v1.0/users/help@mjhughes.com/messages/AAMkAGJhMTljYmM4LTk5MmQtNGYzYy1iMjVkLTQxYjIyYmJjYjAwZQBGAAAAAACGS7jncFP_TrzrW1Hz7wysBwCf5kq4dgz5QZHK1WIWgeP-AAAAAAEMAACf5kq4dgz5QZHK1WIWgeP-AAAAAAlDAAA=/reply
2026-04-16 08:34:56,572 [INFO]   Marking email as read...
2026-04-16 08:34:56,979 [INFO] Marked email AAMkAGJhMTljYmM4LTk5MmQtNGYzYy1iMjVkLTQxYjIyYmJjYjAwZQBGAAAAAACGS7jncFP_TrzrW1Hz7wysBwCf5kq4dgz5QZHK1WIWgeP-AAAAAAEMAACf5kq4dgz5QZHK1WIWgeP-AAAAAAlDAAA= as read.
2026-04-16 08:34:56,979 [INFO]   Done: 'FW: [Scan] 2026-04-15 16:06'
2026-04-16 08:34:56,980 [INFO] =======================================================
2026-04-16 08:34:56,981 [INFO] Complete — success: 1  failed: 0  (failed emails remain unread for retry)
2026-04-16 08:34:56,981 [INFO] =======================================================
2026-04-16 08:38:47,053 [INFO] =======================================================
2026-04-16 08:38:47,053 [INFO] Ticket Processing Automation — starting
2026-04-16 08:38:47,054 [INFO] Run time: 2026-04-16 08:38:47
2026-04-16 08:38:47,054 [INFO] =======================================================
2026-04-16 08:38:47,054 [INFO] Credentials loaded from: C:\Users\dawson.h\Desktop\ticket-to-excel-automation\.env
2026-04-16 08:38:47,054 [INFO] AZURE_TENANT_ID starts with: 'b4ed'
2026-04-16 08:38:47,596 [INFO] Authenticated with Microsoft Graph API.
2026-04-16 08:38:48,328 [INFO] Found 1 unread email(s) with PDF attachments.
2026-04-16 08:38:48,330 [INFO] =======================================================
2026-04-16 08:38:48,330 [INFO] Processing: 'FW: [Scan] 2026-04-15 16:06'
2026-04-16 08:38:48,330 [INFO]   Downloading '2026-04-15 16-06.pdf'...
2026-04-16 08:38:48,799 [INFO]   Rendering PDF pages...
2026-04-16 08:38:49,053 [INFO]   Scanning for QR code...
2026-04-16 08:38:49,297 [INFO]   QR → Job: 2501  Location: 0510  Cost Code: 312323-21
2026-04-16 08:38:49,298 [INFO]   Running OCR...
2026-04-16 08:38:50,823 [INFO] OCR debug: raw text saved to ocr_debug.txt
2026-04-16 08:38:51,411 [INFO] OCR debug: preprocessed first page saved to ocr_debug.png
2026-04-16 08:38:51,413 [INFO] Facility fuzzy-corrected: 'S8& Sraciey Quarry' → 'Sraciey Quarry oe'
2026-04-16 08:38:51,413 [WARNING]   OCR confidence FAILED: 'Product' label not found in OCR text
2026-04-16 08:38:51,413 [WARNING]   OCR confidence FAILED: 5-digit ticket number not found in top quarter of text
2026-04-16 08:38:51,414 [WARNING] OCR confidence check failed (2 of 5 check(s) failed). Ticket will be flagged for manual review.
2026-04-16 08:38:51,414 [WARNING]   TICKET FLAGGED FOR REVIEW: FW: [Scan] 2026-04-15 16:06 — OCR confidence too low (2 check(s) failed: 'Product' label not found in OCR text; 5-digit ticket number not found in top quarter of text). Check error_log.txt for details.
2026-04-16 08:38:51,414 [ERROR] Error logged → 'FW: [Scan] 2026-04-15 16:06': TICKET FLAGGED FOR REVIEW: FW: [Scan] 2026-04-15 16:06 — OCR confidence too low (2 check(s) failed: 'Product' label not found in OCR text; 5-digit ticket number not found in top quarter of text). Check error_log.txt for details.
2026-04-16 08:38:51,433 [INFO] Excel: low-confidence review row written to tab '312323-21' in materials_log.xlsx.
2026-04-16 08:38:51,433 [INFO]   Marking email as read (flagged — will not retry)...
2026-04-16 08:38:51,844 [INFO] Marked email AAMkAGJhMTljYmM4LTk5MmQtNGYzYy1iMjVkLTQxYjIyYmJjYjAwZQBGAAAAAACGS7jncFP_TrzrW1Hz7wysBwCf5kq4dgz5QZHK1WIWgeP-AAAAAAEMAACf5kq4dgz5QZHK1WIWgeP-AAAAAAlDAAA= as read.
2026-04-16 08:38:51,845 [INFO] =======================================================
2026-04-16 08:38:51,845 [INFO] Complete — success: 1  failed: 0  (failed emails remain unread for retry)
2026-04-16 08:38:51,845 [INFO] =======================================================
2026-04-16 08:40:59,915 [INFO] =======================================================
2026-04-16 08:40:59,915 [INFO] Ticket Processing Automation — starting
2026-04-16 08:40:59,915 [INFO] Run time: 2026-04-16 08:40:59
2026-04-16 08:40:59,915 [INFO] =======================================================
2026-04-16 08:40:59,915 [INFO] Credentials loaded from: C:\Users\dawson.h\Desktop\ticket-to-excel-automation\.env
2026-04-16 08:40:59,916 [INFO] AZURE_TENANT_ID starts with: 'b4ed'
2026-04-16 08:41:00,454 [INFO] Authenticated with Microsoft Graph API.
2026-04-16 08:41:01,234 [INFO] Found 1 unread email(s) with PDF attachments.
2026-04-16 08:41:01,235 [INFO] =======================================================
2026-04-16 08:41:01,235 [INFO] Processing: 'FW: [Scan] 2026-04-15 16:06'
2026-04-16 08:41:01,235 [INFO]   Downloading '2026-04-15 16-06.pdf'...
2026-04-16 08:41:01,685 [INFO]   Rendering PDF pages...
2026-04-16 08:41:01,913 [INFO]   Scanning for QR code...
2026-04-16 08:41:02,150 [INFO]   QR → Job: 2501  Location: 0510  Cost Code: 312323-21
2026-04-16 08:41:02,150 [INFO]   Running OCR...
2026-04-16 08:41:03,626 [INFO] OCR debug: raw text saved to ocr_debug.txt
2026-04-16 08:41:04,201 [INFO] OCR debug: preprocessed first page saved to ocr_debug.png
2026-04-16 08:41:04,202 [INFO] Facility fuzzy-corrected: 'S8& Sraciey Quarry' → 'Sraciey Quarry oe'
2026-04-16 08:41:04,202 [WARNING]   OCR confidence FAILED: 'Product' label not found in OCR text
2026-04-16 08:41:04,202 [WARNING]   OCR confidence FAILED: 5-digit ticket number not found in top quarter of text
2026-04-16 08:41:04,202 [WARNING] OCR confidence check failed (2 of 5 check(s) failed). Ticket will be flagged for manual review.
2026-04-16 08:41:04,203 [WARNING]   TICKET FLAGGED FOR REVIEW: FW: [Scan] 2026-04-15 16:06 — OCR confidence too low (2 check(s) failed: 'Product' label not found in OCR text; 5-digit ticket number not found in top quarter of text). Check error_log.txt for details.
2026-04-16 08:41:04,203 [ERROR] Error logged → 'FW: [Scan] 2026-04-15 16:06': TICKET FLAGGED FOR REVIEW: FW: [Scan] 2026-04-15 16:06 — OCR confidence too low (2 check(s) failed: 'Product' label not found in OCR text; 5-digit ticket number not found in top quarter of text). Check error_log.txt for details.
2026-04-16 08:41:04,226 [INFO] Excel: low-confidence review row written to tab '312323-21' in materials_log.xlsx.
2026-04-16 08:41:04,226 [INFO]   Marking email as read (flagged — will not retry)...
2026-04-16 08:41:04,649 [INFO] Marked email AAMkAGJhMTljYmM4LTk5MmQtNGYzYy1iMjVkLTQxYjIyYmJjYjAwZQBGAAAAAACGS7jncFP_TrzrW1Hz7wysBwCf5kq4dgz5QZHK1WIWgeP-AAAAAAEMAACf5kq4dgz5QZHK1WIWgeP-AAAAAAlDAAA= as read.
2026-04-16 08:41:04,651 [INFO] =======================================================
2026-04-16 08:41:04,652 [INFO] Complete — success: 1  failed: 0  (failed emails remain unread for retry)
2026-04-16 08:41:04,652 [INFO] =======================================================
2026-04-16 08:45:17,346 [INFO] =======================================================
2026-04-16 08:45:17,346 [INFO] Ticket Processing Automation — starting
2026-04-16 08:45:17,346 [INFO] Run time: 2026-04-16 08:45:17
2026-04-16 08:45:17,346 [INFO] =======================================================
2026-04-16 08:45:17,346 [INFO] Credentials loaded from: C:\Users\dawson.h\Desktop\ticket-to-excel-automation\.env
2026-04-16 08:45:17,347 [INFO] AZURE_TENANT_ID starts with: 'b4ed'
2026-04-16 08:45:17,923 [INFO] Authenticated with Microsoft Graph API.
2026-04-16 08:45:18,611 [INFO] Found 1 unread email(s) with PDF attachments.
2026-04-16 08:45:18,612 [INFO] =======================================================
2026-04-16 08:45:18,613 [INFO] Processing: 'FW: [Scan] 2026-04-15 16:06'
2026-04-16 08:45:18,613 [INFO]   Downloading '2026-04-15 16-06.pdf'...
2026-04-16 08:45:19,059 [INFO]   Rendering PDF pages...
2026-04-16 08:45:19,282 [INFO]   Scanning for QR code...
2026-04-16 08:45:19,535 [INFO]   QR → Job: 2501  Location: 0510  Cost Code: 312323-21
2026-04-16 08:45:19,536 [INFO]   Running OCR...
2026-04-16 08:45:21,024 [INFO] OCR debug: raw text saved to ocr_debug.txt
2026-04-16 08:45:21,609 [INFO] OCR debug: preprocessed first page saved to ocr_debug.png
2026-04-16 08:45:21,611 [INFO] Facility fuzzy-corrected: 'S8& Sraciey Quarry' → 'Sraciey Quarry oe'
2026-04-16 08:45:21,611 [WARNING]   OCR confidence FAILED: 'Product' label not found in OCR text
2026-04-16 08:45:21,611 [WARNING]   OCR confidence FAILED: 5-digit ticket number not found in top quarter of text
2026-04-16 08:45:21,611 [WARNING] OCR confidence check failed (2 of 5 check(s) failed). Ticket will be flagged for manual review.
2026-04-16 08:45:21,612 [WARNING]   TICKET FLAGGED FOR REVIEW: 'FW: [Scan] 2026-04-15 16:06'
2026-04-16 08:45:21,612 [WARNING]     - 'Product' label not found in OCR text
2026-04-16 08:45:21,612 [WARNING]     - 5-digit ticket number not found in top quarter of text
2026-04-16 08:45:21,612 [ERROR] Error logged → 'FW: [Scan] 2026-04-15 16:06': REVIEW REQUIRED: FW: [Scan] 2026-04-15 16:06 - 2026-04-16 08:45:21 - Failed checks: 'Product' label not found in OCR text; 5-digit ticket number not found in top quarter of text
2026-04-16 08:45:21,624 [INFO] Excel: low-confidence review row written to tab '312323-21' in materials_log.xlsx.
2026-04-16 08:45:21,624 [INFO]   Sending review-required reply...
2026-04-16 08:45:21,968 [WARNING]   Review reply not sent (will continue): 403 Client Error: Forbidden for url: https://graph.microsoft.com/v1.0/users/help@mjhughes.com/messages/AAMkAGJhMTljYmM4LTk5MmQtNGYzYy1iMjVkLTQxYjIyYmJjYjAwZQBGAAAAAACGS7jncFP_TrzrW1Hz7wysBwCf5kq4dgz5QZHK1WIWgeP-AAAAAAEMAACf5kq4dgz5QZHK1WIWgeP-AAAAAAlDAAA=/reply
2026-04-16 08:45:21,969 [INFO]   Flagging email with 'REVIEW REQUIRED' category...
2026-04-16 08:45:25,901 [INFO] Flagged email AAMkAGJhMTljYmM4LTk5MmQtNGYzYy1iMjVkLTQxYjIyYmJjYjAwZQBGAAAAAACGS7jncFP_TrzrW1Hz7wysBwCf5kq4dgz5QZHK1WIWgeP-AAAAAAEMAACf5kq4dgz5QZHK1WIWgeP-AAAAAAlDAAA= with category 'REVIEW REQUIRED'.
2026-04-16 08:45:25,901 [INFO]   Marking email as read (flagged — will not retry)...
2026-04-16 08:45:26,305 [INFO] Marked email AAMkAGJhMTljYmM4LTk5MmQtNGYzYy1iMjVkLTQxYjIyYmJjYjAwZQBGAAAAAACGS7jncFP_TrzrW1Hz7wysBwCf5kq4dgz5QZHK1WIWgeP-AAAAAAEMAACf5kq4dgz5QZHK1WIWgeP-AAAAAAlDAAA= as read.
2026-04-16 08:45:26,306 [INFO] =======================================================
2026-04-16 08:45:26,306 [INFO] Complete — success: 1  failed: 0  (failed emails remain unread for retry)
2026-04-16 08:45:26,306 [INFO] =======================================================
2026-04-16 08:48:25,148 [INFO] =======================================================
2026-04-16 08:48:25,149 [INFO] Ticket Processing Automation — starting
2026-04-16 08:48:25,149 [INFO] Run time: 2026-04-16 08:48:25
2026-04-16 08:48:25,149 [INFO] =======================================================
2026-04-16 08:48:25,150 [INFO] Credentials loaded from: C:\Users\dawson.h\Desktop\ticket-to-excel-automation\.env
2026-04-16 08:48:25,150 [INFO] AZURE_TENANT_ID starts with: 'b4ed'
2026-04-16 08:48:25,951 [INFO] Authenticated with Microsoft Graph API.
2026-04-16 08:48:26,714 [INFO] Found 1 unread email(s) with PDF attachments.
2026-04-16 08:48:26,715 [INFO] =======================================================
2026-04-16 08:48:26,715 [INFO] Processing: 'FW: [Scan] 2026-04-15 16:06'
2026-04-16 08:48:26,715 [INFO]   Downloading '2026-04-15 16-06.pdf'...
2026-04-16 08:48:27,191 [INFO]   Rendering PDF pages...
2026-04-16 08:48:27,412 [INFO]   Scanning for QR code...
2026-04-16 08:48:27,652 [INFO]   QR → Job: 2501  Location: 0510  Cost Code: 312323-21
2026-04-16 08:48:27,653 [INFO]   Running OCR...
2026-04-16 08:48:29,100 [INFO] OCR debug: raw text saved to ocr_debug.txt
2026-04-16 08:48:29,669 [INFO] OCR debug: preprocessed first page saved to ocr_debug.png
2026-04-16 08:48:29,671 [INFO] Facility fuzzy-corrected: 'S8& Sraciey Quarry' → 'Sraciey Quarry oe'
2026-04-16 08:48:29,671 [WARNING]   OCR confidence FAILED: 'Product' label not found in OCR text
2026-04-16 08:48:29,671 [WARNING]   OCR confidence FAILED: 5-digit ticket number not found in top quarter of text
2026-04-16 08:48:29,671 [WARNING] OCR confidence check failed (2 of 5 check(s) failed). Ticket will be flagged for manual review.
2026-04-16 08:48:29,672 [WARNING]   TICKET FLAGGED FOR REVIEW: 'FW: [Scan] 2026-04-15 16:06'
2026-04-16 08:48:29,672 [WARNING]     - 'Product' label not found in OCR text
2026-04-16 08:48:29,672 [WARNING]     - 5-digit ticket number not found in top quarter of text
2026-04-16 08:48:29,672 [ERROR] Error logged → 'FW: [Scan] 2026-04-15 16:06': REVIEW REQUIRED: FW: [Scan] 2026-04-15 16:06 - 2026-04-16 08:48:29 - Failed checks: 'Product' label not found in OCR text; 5-digit ticket number not found in top quarter of text
2026-04-16 08:48:29,683 [INFO] Excel: low-confidence review row written to tab '312323-21' in materials_log.xlsx.
2026-04-16 08:48:29,683 [INFO]   Sending review-required reply...
2026-04-16 08:48:30,057 [WARNING]   Review reply not sent (will continue): 403 Client Error: Forbidden for url: https://graph.microsoft.com/v1.0/users/help@mjhughes.com/messages/AAMkAGJhMTljYmM4LTk5MmQtNGYzYy1iMjVkLTQxYjIyYmJjYjAwZQBGAAAAAACGS7jncFP_TrzrW1Hz7wysBwCf5kq4dgz5QZHK1WIWgeP-AAAAAAEMAACf5kq4dgz5QZHK1WIWgeP-AAAAAAlDAAA=/reply
2026-04-16 08:48:30,059 [INFO]   Flagging email with 'REVIEW REQUIRED' category...
2026-04-16 08:48:30,413 [INFO] Flagged email AAMkAGJhMTljYmM4LTk5MmQtNGYzYy1iMjVkLTQxYjIyYmJjYjAwZQBGAAAAAACGS7jncFP_TrzrW1Hz7wysBwCf5kq4dgz5QZHK1WIWgeP-AAAAAAEMAACf5kq4dgz5QZHK1WIWgeP-AAAAAAlDAAA= with category 'REVIEW REQUIRED'.
2026-04-16 08:48:30,413 [INFO]   Moving email to 'REVIEW REQUIRED' folder...
2026-04-16 08:48:31,153 [INFO] Created mail folder 'REVIEW REQUIRED' (id=AAMkAGJhMTljYmM4LTk5MmQtNGYzYy1iMjVkLTQxYjIyYmJjYjAwZQAuAAAAAACGS7jncFP_TrzrW1Hz7wysAQCf5kq4dgz5QZHK1WIWgeP-AAAAAWCJAAA=).
2026-04-16 08:48:31,541 [INFO] Moved email AAMkAGJhMTljYmM4LTk5MmQtNGYzYy1iMjVkLTQxYjIyYmJjYjAwZQBGAAAAAACGS7jncFP_TrzrW1Hz7wysBwCf5kq4dgz5QZHK1WIWgeP-AAAAAAEMAACf5kq4dgz5QZHK1WIWgeP-AAAAAAlDAAA= to 'REVIEW REQUIRED' folder.
2026-04-16 08:48:31,541 [INFO]   Marking email as read (flagged — will not retry)...
2026-04-16 08:48:31,860 [ERROR]   FAILED on '2026-04-15 16-06.pdf': 404 Client Error: Not Found for url: https://graph.microsoft.com/v1.0/users/help@mjhughes.com/messages/AAMkAGJhMTljYmM4LTk5MmQtNGYzYy1iMjVkLTQxYjIyYmJjYjAwZQBGAAAAAACGS7jncFP_TrzrW1Hz7wysBwCf5kq4dgz5QZHK1WIWgeP-AAAAAAEMAACf5kq4dgz5QZHK1WIWgeP-AAAAAAlDAAA=
2026-04-16 08:48:31,860 [ERROR] Error logged → 'FW: [Scan] 2026-04-15 16:06': Attachment '2026-04-15 16-06.pdf': HTTPError: 404 Client Error: Not Found for url: https://graph.microsoft.com/v1.0/users/help@mjhughes.com/messages/AAMkAGJhMTljYmM4LTk5MmQtNGYzYy1iMjVkLTQxYjIyYmJjYjAwZQBGAAAAAACGS7jncFP_TrzrW1Hz7wysBwCf5kq4dgz5QZHK1WIWgeP-AAAAAAEMAACf5kq4dgz5QZHK1WIWgeP-AAAAAAlDAAA=
Traceback (most recent call last):
  File "C:\Users\dawson.h\desktop\ticket-to-excel-automation\ticket_processor.py", line 1299, in process_email
    mark_email_as_read(client, email_id)
    ~~~~~~~~~~~~~~~~~~^^^^^^^^^^^^^^^^^^
  File "C:\Users\dawson.h\desktop\ticket-to-excel-automation\ticket_processor.py", line 338, in mark_email_as_read
    client.patch(url, json={"isRead": True})
    ~~~~~~~~~~~~^^^^^^^^^^^^^^^^^^^^^^^^^^^^
  File "C:\Users\dawson.h\desktop\ticket-to-excel-automation\ticket_processor.py", line 219, in patch
    resp.raise_for_status()
    ~~~~~~~~~~~~~~~~~~~~~^^
  File "C:\Users\dawson.h\AppData\Local\Python\pythoncore-3.14-64\Lib\site-packages\requests\models.py", line 1028, in raise_for_status
    raise HTTPError(http_error_msg, response=self)
requests.exceptions.HTTPError: 404 Client Error: Not Found for url: https://graph.microsoft.com/v1.0/users/help@mjhughes.com/messages/AAMkAGJhMTljYmM4LTk5MmQtNGYzYy1iMjVkLTQxYjIyYmJjYjAwZQBGAAAAAACGS7jncFP_TrzrW1Hz7wysBwCf5kq4dgz5QZHK1WIWgeP-AAAAAAEMAACf5kq4dgz5QZHK1WIWgeP-AAAAAAlDAAA=

2026-04-16 08:48:31,862 [INFO] =======================================================
2026-04-16 08:48:31,863 [INFO] Complete — success: 0  failed: 1  (failed emails remain unread for retry)
2026-04-16 08:48:31,863 [INFO] =======================================================
2026-04-16 08:52:27,974 [INFO] =======================================================
2026-04-16 08:52:27,975 [INFO] Ticket Processing Automation — starting
2026-04-16 08:52:27,975 [INFO] Run time: 2026-04-16 08:52:27
2026-04-16 08:52:27,975 [INFO] =======================================================
2026-04-16 08:52:27,975 [INFO] Credentials loaded from: C:\Users\dawson.h\Desktop\ticket-to-excel-automation\.env
2026-04-16 08:52:27,975 [INFO] AZURE_TENANT_ID starts with: 'b4ed'
2026-04-16 08:52:28,709 [INFO] Authenticated with Microsoft Graph API.
2026-04-16 08:52:29,427 [INFO] Found 1 unread email(s) with PDF attachments.
2026-04-16 08:52:29,429 [INFO] =======================================================
2026-04-16 08:52:29,429 [INFO] Processing: 'FW: [Scan] 2026-04-15 16:06'
2026-04-16 08:52:29,429 [INFO]   Downloading '2026-04-15 16-06.pdf'...
2026-04-16 08:52:29,871 [INFO]   Rendering PDF pages...
2026-04-16 08:52:30,093 [INFO]   Scanning for QR code...
2026-04-16 08:52:30,327 [INFO]   QR → Job: 2501  Location: 0510  Cost Code: 312323-21
2026-04-16 08:52:30,327 [INFO]   Running OCR...
2026-04-16 08:52:31,775 [INFO] OCR debug: raw text saved to ocr_debug.txt
2026-04-16 08:52:32,356 [INFO] OCR debug: preprocessed first page saved to ocr_debug.png
2026-04-16 08:52:32,359 [INFO] Facility fuzzy-corrected: 'S8& Sraciey Quarry' → 'Sraciey Quarry oe'
2026-04-16 08:52:32,359 [WARNING]   OCR confidence FAILED: 'Product' label not found in OCR text
2026-04-16 08:52:32,359 [WARNING]   OCR confidence FAILED: 5-digit ticket number not found in top quarter of text
2026-04-16 08:52:32,359 [WARNING] OCR confidence check failed (2 of 5 check(s) failed). Ticket will be flagged for manual review.
2026-04-16 08:52:32,359 [WARNING]   TICKET FLAGGED FOR REVIEW: 'FW: [Scan] 2026-04-15 16:06'
2026-04-16 08:52:32,359 [WARNING]     - 'Product' label not found in OCR text
2026-04-16 08:52:32,360 [WARNING]     - 5-digit ticket number not found in top quarter of text
2026-04-16 08:52:32,360 [ERROR] Error logged → 'FW: [Scan] 2026-04-15 16:06': REVIEW REQUIRED: FW: [Scan] 2026-04-15 16:06 - 2026-04-16 08:52:32 - Failed checks: 'Product' label not found in OCR text; 5-digit ticket number not found in top quarter of text
2026-04-16 08:52:32,388 [INFO] Excel: low-confidence review row written to tab '312323-21' in materials_log.xlsx.
2026-04-16 08:52:32,388 [INFO]   Sending review-required reply...
2026-04-16 08:52:32,754 [WARNING]   Review reply not sent (will continue): 403 Client Error: Forbidden for url: https://graph.microsoft.com/v1.0/users/help@mjhughes.com/messages/AAMkAGJhMTljYmM4LTk5MmQtNGYzYy1iMjVkLTQxYjIyYmJjYjAwZQBGAAAAAACGS7jncFP_TrzrW1Hz7wysBwCf5kq4dgz5QZHK1WIWgeP-AAAAAAEMAACf5kq4dgz5QZHK1WIWgeP-AAAAACSzAAA=/reply
2026-04-16 08:52:32,755 [INFO]   Flagging email with 'REVIEW REQUIRED' category...
2026-04-16 08:52:33,115 [INFO] Flagged email AAMkAGJhMTljYmM4LTk5MmQtNGYzYy1iMjVkLTQxYjIyYmJjYjAwZQBGAAAAAACGS7jncFP_TrzrW1Hz7wysBwCf5kq4dgz5QZHK1WIWgeP-AAAAAAEMAACf5kq4dgz5QZHK1WIWgeP-AAAAACSzAAA= with category 'REVIEW REQUIRED'.
2026-04-16 08:52:33,116 [INFO]   Moving email to 'REVIEW REQUIRED' folder...
2026-04-16 08:52:33,889 [INFO] Moved email AAMkAGJhMTljYmM4LTk5MmQtNGYzYy1iMjVkLTQxYjIyYmJjYjAwZQBGAAAAAACGS7jncFP_TrzrW1Hz7wysBwCf5kq4dgz5QZHK1WIWgeP-AAAAAAEMAACf5kq4dgz5QZHK1WIWgeP-AAAAACSzAAA= to 'REVIEW REQUIRED' folder.
2026-04-16 08:52:33,889 [INFO]   Marking email as read (flagged — will not retry)...
2026-04-16 08:52:34,799 [ERROR]   FAILED on '2026-04-15 16-06.pdf': 404 Client Error: Not Found for url: https://graph.microsoft.com/v1.0/users/help@mjhughes.com/messages/AAMkAGJhMTljYmM4LTk5MmQtNGYzYy1iMjVkLTQxYjIyYmJjYjAwZQBGAAAAAACGS7jncFP_TrzrW1Hz7wysBwCf5kq4dgz5QZHK1WIWgeP-AAAAAAEMAACf5kq4dgz5QZHK1WIWgeP-AAAAACSzAAA=
2026-04-16 08:52:34,800 [ERROR] Error logged → 'FW: [Scan] 2026-04-15 16:06': Attachment '2026-04-15 16-06.pdf': HTTPError: 404 Client Error: Not Found for url: https://graph.microsoft.com/v1.0/users/help@mjhughes.com/messages/AAMkAGJhMTljYmM4LTk5MmQtNGYzYy1iMjVkLTQxYjIyYmJjYjAwZQBGAAAAAACGS7jncFP_TrzrW1Hz7wysBwCf5kq4dgz5QZHK1WIWgeP-AAAAAAEMAACf5kq4dgz5QZHK1WIWgeP-AAAAACSzAAA=
Traceback (most recent call last):
  File "C:\Users\dawson.h\desktop\ticket-to-excel-automation\ticket_processor.py", line 1299, in process_email
    mark_email_as_read(client, email_id)
    ~~~~~~~~~~~~~~~~~~^^^^^^^^^^^^^^^^^^
  File "C:\Users\dawson.h\desktop\ticket-to-excel-automation\ticket_processor.py", line 338, in mark_email_as_read
    client.patch(url, json={"isRead": True})
    ~~~~~~~~~~~~^^^^^^^^^^^^^^^^^^^^^^^^^^^^
  File "C:\Users\dawson.h\desktop\ticket-to-excel-automation\ticket_processor.py", line 219, in patch
    resp.raise_for_status()
    ~~~~~~~~~~~~~~~~~~~~~^^
  File "C:\Users\dawson.h\AppData\Local\Python\pythoncore-3.14-64\Lib\site-packages\requests\models.py", line 1028, in raise_for_status
    raise HTTPError(http_error_msg, response=self)
requests.exceptions.HTTPError: 404 Client Error: Not Found for url: https://graph.microsoft.com/v1.0/users/help@mjhughes.com/messages/AAMkAGJhMTljYmM4LTk5MmQtNGYzYy1iMjVkLTQxYjIyYmJjYjAwZQBGAAAAAACGS7jncFP_TrzrW1Hz7wysBwCf5kq4dgz5QZHK1WIWgeP-AAAAAAEMAACf5kq4dgz5QZHK1WIWgeP-AAAAACSzAAA=

2026-04-16 08:52:34,802 [INFO] =======================================================
2026-04-16 08:52:34,802 [INFO] Complete — success: 0  failed: 1  (failed emails remain unread for retry)
2026-04-16 08:52:34,802 [INFO] =======================================================
2026-04-16 08:54:43,374 [INFO] =======================================================
2026-04-16 08:54:43,374 [INFO] Ticket Processing Automation — starting
2026-04-16 08:54:43,374 [INFO] Run time: 2026-04-16 08:54:43
2026-04-16 08:54:43,375 [INFO] =======================================================
2026-04-16 08:54:43,375 [INFO] Credentials loaded from: C:\Users\dawson.h\Desktop\ticket-to-excel-automation\.env
2026-04-16 08:54:43,375 [INFO] AZURE_TENANT_ID starts with: 'b4ed'
2026-04-16 08:54:44,115 [INFO] Authenticated with Microsoft Graph API.
2026-04-16 08:54:44,860 [INFO] Found 1 unread email(s) with PDF attachments.
2026-04-16 08:54:44,861 [INFO] =======================================================
2026-04-16 08:54:44,861 [INFO] Processing: 'FW: [Scan] 2026-04-15 16:06'
2026-04-16 08:54:44,861 [INFO]   Downloading '2026-04-15 16-06.pdf'...
2026-04-16 08:54:45,352 [INFO]   Rendering PDF pages...
2026-04-16 08:54:45,573 [INFO]   Scanning for QR code...
2026-04-16 08:54:45,816 [INFO]   QR → Job: 2501  Location: 0510  Cost Code: 312323-21
2026-04-16 08:54:45,817 [INFO]   Running OCR...
2026-04-16 08:54:47,283 [INFO] OCR debug: raw text saved to ocr_debug.txt
2026-04-16 08:54:47,850 [INFO] OCR debug: preprocessed first page saved to ocr_debug.png
2026-04-16 08:54:47,852 [INFO] Facility fuzzy-corrected: 'S8& Sraciey Quarry' → 'Sraciey Quarry oe'
2026-04-16 08:54:47,852 [WARNING]   OCR confidence FAILED: 'Product' label not found in OCR text
2026-04-16 08:54:47,852 [WARNING]   OCR confidence FAILED: 5-digit ticket number not found in top quarter of text
2026-04-16 08:54:47,852 [WARNING] OCR confidence check failed (2 of 5 check(s) failed). Ticket will be flagged for manual review.
2026-04-16 08:54:47,853 [WARNING]   TICKET FLAGGED FOR REVIEW: 'FW: [Scan] 2026-04-15 16:06'
2026-04-16 08:54:47,853 [WARNING]     - 'Product' label not found in OCR text
2026-04-16 08:54:47,853 [WARNING]     - 5-digit ticket number not found in top quarter of text
2026-04-16 08:54:47,853 [ERROR] Error logged → 'FW: [Scan] 2026-04-15 16:06': REVIEW REQUIRED: FW: [Scan] 2026-04-15 16:06 - 2026-04-16 08:54:47 - Failed checks: 'Product' label not found in OCR text; 5-digit ticket number not found in top quarter of text
2026-04-16 08:54:47,865 [INFO] Excel: low-confidence review row written to tab '312323-21' in materials_log.xlsx.
2026-04-16 08:54:47,865 [INFO]   Sending review-required reply...
2026-04-16 08:54:48,204 [WARNING]   Review reply not sent (will continue): 403 Client Error: Forbidden for url: https://graph.microsoft.com/v1.0/users/help@mjhughes.com/messages/AAMkAGJhMTljYmM4LTk5MmQtNGYzYy1iMjVkLTQxYjIyYmJjYjAwZQBGAAAAAACGS7jncFP_TrzrW1Hz7wysBwCf5kq4dgz5QZHK1WIWgeP-AAAAAAEMAACf5kq4dgz5QZHK1WIWgeP-AAAAACS0AAA=/reply
2026-04-16 08:54:48,206 [INFO]   Flagging email with 'REVIEW REQUIRED' category...
2026-04-16 08:54:48,576 [INFO] Flagged email AAMkAGJhMTljYmM4LTk5MmQtNGYzYy1iMjVkLTQxYjIyYmJjYjAwZQBGAAAAAACGS7jncFP_TrzrW1Hz7wysBwCf5kq4dgz5QZHK1WIWgeP-AAAAAAEMAACf5kq4dgz5QZHK1WIWgeP-AAAAACS0AAA= with category 'REVIEW REQUIRED'.
2026-04-16 08:54:48,576 [INFO]   Moving email to 'REVIEW REQUIRED' folder...
2026-04-16 08:54:49,456 [INFO] Moved email AAMkAGJhMTljYmM4LTk5MmQtNGYzYy1iMjVkLTQxYjIyYmJjYjAwZQBGAAAAAACGS7jncFP_TrzrW1Hz7wysBwCf5kq4dgz5QZHK1WIWgeP-AAAAAAEMAACf5kq4dgz5QZHK1WIWgeP-AAAAACS0AAA= to 'REVIEW REQUIRED' folder (new id=AAMkAGJhMTljYmM4LTk5MmQtNGYzYy1iMjVkLTQxYjIyYmJjYjAwZQBGAAAAAACGS7jncFP_TrzrW1Hz7wysBwCf5kq4dgz5QZHK1WIWgeP-AAAAAWCJAACf5kq4dgz5QZHK1WIWgeP-AAAAAuxqAAA=).
2026-04-16 08:54:49,456 [INFO]   Marking email as unread in 'REVIEW REQUIRED' folder...
2026-04-16 08:54:49,856 [INFO] Marked email AAMkAGJhMTljYmM4LTk5MmQtNGYzYy1iMjVkLTQxYjIyYmJjYjAwZQBGAAAAAACGS7jncFP_TrzrW1Hz7wysBwCf5kq4dgz5QZHK1WIWgeP-AAAAAWCJAACf5kq4dgz5QZHK1WIWgeP-AAAAAuxqAAA= as unread (flagged for review).
2026-04-16 08:54:49,857 [INFO] =======================================================
2026-04-16 08:54:49,858 [INFO] Complete — success: 1  failed: 0  (failed emails remain unread for retry)
2026-04-16 08:54:49,858 [INFO] =======================================================
2026-04-16 09:04:20,437 [INFO] =======================================================
2026-04-16 09:04:20,438 [INFO] Ticket Processing Automation — starting
2026-04-16 09:04:20,438 [INFO] Run time: 2026-04-16 09:04:20
2026-04-16 09:04:20,438 [INFO] =======================================================
2026-04-16 09:04:20,438 [INFO] Credentials loaded from: C:\Users\dawson.h\Desktop\ticket-to-excel-automation\.env
2026-04-16 09:04:20,438 [INFO] AZURE_TENANT_ID starts with: 'b4ed'
2026-04-16 09:04:21,191 [INFO] Authenticated with Microsoft Graph API.
2026-04-16 09:04:21,918 [INFO] Found 1 unread email(s) with PDF attachments.
2026-04-16 09:04:21,919 [INFO] =======================================================
2026-04-16 09:04:21,920 [INFO] Processing: 'FW: [Scan] 2026-04-15 15:31'
2026-04-16 09:04:21,920 [INFO]   Downloading '2026-04-15 15-31.pdf'...
2026-04-16 09:04:22,396 [INFO]   Rendering PDF pages...
2026-04-16 09:04:22,675 [INFO]   Scanning for QR code...
2026-04-16 09:04:22,962 [INFO]   QR → Job: 2501  Location: 0420  Cost Code: 312323-20
2026-04-16 09:04:22,963 [INFO]   Running OCR...
2026-04-16 09:04:24,784 [INFO] OCR debug: raw text saved to ocr_debug.txt
2026-04-16 09:04:25,500 [INFO] OCR debug: preprocessed first page saved to ocr_debug.png
2026-04-16 09:04:25,503 [INFO] New facility saved to known_facilities.txt: '800 Bradiey Quarry - Tilak'
2026-04-16 09:04:25,504 [WARNING]   OCR confidence FAILED: valid complete date not found
2026-04-16 09:04:25,504 [WARNING]   OCR confidence FAILED: 5-digit ticket number not found in top quarter of text
2026-04-16 09:04:25,504 [WARNING] OCR confidence check failed (2 of 5 check(s) failed). Ticket will be flagged for manual review.
2026-04-16 09:04:25,504 [WARNING]   TICKET FLAGGED FOR REVIEW: 'FW: [Scan] 2026-04-15 15:31'
2026-04-16 09:04:25,504 [WARNING]     - valid complete date not found
2026-04-16 09:04:25,505 [WARNING]     - 5-digit ticket number not found in top quarter of text
2026-04-16 09:04:25,505 [ERROR] Error logged → 'FW: [Scan] 2026-04-15 15:31': REVIEW REQUIRED: FW: [Scan] 2026-04-15 15:31 - 2026-04-16 09:04:25 - Failed checks: valid complete date not found; 5-digit ticket number not found in top quarter of text
2026-04-16 09:04:25,522 [INFO] Excel: low-confidence review row written to tab '312323-20' in materials_log.xlsx.
2026-04-16 09:04:25,522 [INFO]   Sending review-required reply...
2026-04-16 09:04:25,906 [WARNING]   Review reply not sent (will continue): 403 Client Error: Forbidden for url: https://graph.microsoft.com/v1.0/users/help@mjhughes.com/messages/AAMkAGJhMTljYmM4LTk5MmQtNGYzYy1iMjVkLTQxYjIyYmJjYjAwZQBGAAAAAACGS7jncFP_TrzrW1Hz7wysBwCf5kq4dgz5QZHK1WIWgeP-AAAAAAEMAACf5kq4dgz5QZHK1WIWgeP-AAAAAAlAAAA=/reply
2026-04-16 09:04:25,908 [INFO]   Flagging email with 'REVIEW REQUIRED' category...
2026-04-16 09:04:29,885 [INFO] Flagged email AAMkAGJhMTljYmM4LTk5MmQtNGYzYy1iMjVkLTQxYjIyYmJjYjAwZQBGAAAAAACGS7jncFP_TrzrW1Hz7wysBwCf5kq4dgz5QZHK1WIWgeP-AAAAAAEMAACf5kq4dgz5QZHK1WIWgeP-AAAAAAlAAAA= with category 'REVIEW REQUIRED'.
2026-04-16 09:04:29,885 [INFO]   Moving email to 'REVIEW REQUIRED' folder...
2026-04-16 09:04:31,336 [INFO] Moved email AAMkAGJhMTljYmM4LTk5MmQtNGYzYy1iMjVkLTQxYjIyYmJjYjAwZQBGAAAAAACGS7jncFP_TrzrW1Hz7wysBwCf5kq4dgz5QZHK1WIWgeP-AAAAAAEMAACf5kq4dgz5QZHK1WIWgeP-AAAAAAlAAAA= to 'REVIEW REQUIRED' folder (new id=AAMkAGJhMTljYmM4LTk5MmQtNGYzYy1iMjVkLTQxYjIyYmJjYjAwZQBGAAAAAACGS7jncFP_TrzrW1Hz7wysBwCf5kq4dgz5QZHK1WIWgeP-AAAAAWCJAACf5kq4dgz5QZHK1WIWgeP-AAAAAuxrAAA=).
2026-04-16 09:04:31,336 [INFO]   Marking email as unread in 'REVIEW REQUIRED' folder...
2026-04-16 09:04:31,734 [INFO] Marked email AAMkAGJhMTljYmM4LTk5MmQtNGYzYy1iMjVkLTQxYjIyYmJjYjAwZQBGAAAAAACGS7jncFP_TrzrW1Hz7wysBwCf5kq4dgz5QZHK1WIWgeP-AAAAAWCJAACf5kq4dgz5QZHK1WIWgeP-AAAAAuxrAAA= as unread (flagged for review).
2026-04-16 09:04:31,737 [INFO] =======================================================
2026-04-16 09:04:31,737 [INFO] Complete — success: 1  failed: 0  (failed emails remain unread for retry)
2026-04-16 09:04:31,737 [INFO] =======================================================
2026-04-16 09:07:32,974 [INFO] =======================================================
2026-04-16 09:07:32,975 [INFO] Ticket Processing Automation — starting
2026-04-16 09:07:32,975 [INFO] Run time: 2026-04-16 09:07:32
2026-04-16 09:07:32,975 [INFO] =======================================================
2026-04-16 09:07:32,975 [INFO] Credentials loaded from: C:\Users\dawson.h\Desktop\ticket-to-excel-automation\.env
2026-04-16 09:07:32,975 [INFO] AZURE_TENANT_ID starts with: 'b4ed'
2026-04-16 09:07:33,736 [INFO] Authenticated with Microsoft Graph API.
2026-04-16 09:07:34,429 [INFO] Found 1 unread email(s) with PDF attachments.
2026-04-16 09:07:34,431 [INFO] =======================================================
2026-04-16 09:07:34,431 [INFO] Processing: 'FW: [Scan] 2026-04-15 14:20'
2026-04-16 09:07:34,431 [INFO]   Downloading '2026-04-15 14-20.pdf'...
2026-04-16 09:07:35,052 [INFO]   Rendering PDF pages...
2026-04-16 09:07:35,282 [INFO]   Scanning for QR code...
2026-04-16 09:07:35,555 [INFO]   QR → Job: 2501  Location: 0420  Cost Code: 312323-20
2026-04-16 09:07:35,556 [INFO]   Running OCR...
2026-04-16 09:07:37,074 [INFO] OCR debug: raw text saved to ocr_debug.txt
2026-04-16 09:07:37,663 [INFO] OCR debug: preprocessed first page saved to ocr_debug.png
2026-04-16 09:07:37,670 [INFO] Facility fuzzy-corrected: '800 Bradley Quarry' → '800 Bradiey Quarry'
2026-04-16 09:07:37,671 [INFO] Facility fuzzy-corrected: '800 Bradley Quarry' → '800 Bradiey Quarry'
2026-04-16 09:07:37,672 [INFO]   OCR → Ticket: 16800  Date: 8/6/2025  Facility: 800 Bradiey Quarry  Customer: C0520 MJ Hughes Construction  Net Tons: 18.64
2026-04-16 09:07:37,675 [WARNING]   DUPLICATE TICKET detected: '16800' already exists in tab '312323-20'
2026-04-16 09:07:37,675 [ERROR] Error logged → 'FW: [Scan] 2026-04-15 14:20': DUPLICATE TICKET: 16800 - FW: [Scan] 2026-04-15 14:20 - 2026-04-16 09:07:37
2026-04-16 09:07:37,676 [INFO]   Writing duplicate row to Excel...
2026-04-16 09:07:37,694 [INFO] Excel: wrote ticket 16800 to tab '312323-20' in materials_log.xlsx.
2026-04-16 09:07:37,694 [INFO]   Sending duplicate-ticket reply...
2026-04-16 09:07:45,230 [WARNING]   Duplicate reply not sent (will continue): 403 Client Error: Forbidden for url: https://graph.microsoft.com/v1.0/users/help@mjhughes.com/messages/AAMkAGJhMTljYmM4LTk5MmQtNGYzYy1iMjVkLTQxYjIyYmJjYjAwZQBGAAAAAACGS7jncFP_TrzrW1Hz7wysBwCf5kq4dgz5QZHK1WIWgeP-AAAAAAEMAACf5kq4dgz5QZHK1WIWgeP-AAAAAAk9AAA=/reply
2026-04-16 09:07:45,232 [INFO]   Moving duplicate email to 'REVIEW REQUIRED' folder...
2026-04-16 09:07:45,997 [INFO] Moved email AAMkAGJhMTljYmM4LTk5MmQtNGYzYy1iMjVkLTQxYjIyYmJjYjAwZQBGAAAAAACGS7jncFP_TrzrW1Hz7wysBwCf5kq4dgz5QZHK1WIWgeP-AAAAAAEMAACf5kq4dgz5QZHK1WIWgeP-AAAAAAk9AAA= to 'REVIEW REQUIRED' folder (new id=AAMkAGJhMTljYmM4LTk5MmQtNGYzYy1iMjVkLTQxYjIyYmJjYjAwZQBGAAAAAACGS7jncFP_TrzrW1Hz7wysBwCf5kq4dgz5QZHK1WIWgeP-AAAAAWCJAACf5kq4dgz5QZHK1WIWgeP-AAAAAuxsAAA=).
2026-04-16 09:07:45,997 [INFO]   Marking duplicate email as unread in 'REVIEW REQUIRED' folder...
2026-04-16 09:07:46,396 [INFO] Marked email AAMkAGJhMTljYmM4LTk5MmQtNGYzYy1iMjVkLTQxYjIyYmJjYjAwZQBGAAAAAACGS7jncFP_TrzrW1Hz7wysBwCf5kq4dgz5QZHK1WIWgeP-AAAAAWCJAACf5kq4dgz5QZHK1WIWgeP-AAAAAuxsAAA= as unread (flagged for review).
2026-04-16 09:07:46,398 [INFO] =======================================================
2026-04-16 09:07:46,399 [INFO] Complete — success: 1  failed: 0  (failed emails remain unread for retry)
2026-04-16 09:07:46,399 [INFO] =======================================================
2026-04-16 09:11:18,433 [INFO] =======================================================
2026-04-16 09:11:18,433 [INFO] Ticket Processing Automation — starting
2026-04-16 09:11:18,434 [INFO] Run time: 2026-04-16 09:11:18
2026-04-16 09:11:18,434 [INFO] =======================================================
2026-04-16 09:11:18,434 [INFO] Credentials loaded from: C:\Users\dawson.h\Desktop\ticket-to-excel-automation\.env
2026-04-16 09:11:18,435 [INFO] AZURE_TENANT_ID starts with: 'b4ed'
2026-04-16 09:11:19,201 [INFO] Authenticated with Microsoft Graph API.
2026-04-16 09:11:19,553 [INFO] Found 0 unread email(s) with PDF attachments.
2026-04-16 09:11:19,555 [INFO] No unread emails with PDF attachments. Nothing to do.
2026-04-16 09:13:07,866 [INFO] =======================================================
2026-04-16 09:13:07,866 [INFO] Ticket Processing Automation — starting
2026-04-16 09:13:07,866 [INFO] Run time: 2026-04-16 09:13:07
2026-04-16 09:13:07,866 [INFO] =======================================================
2026-04-16 09:13:07,866 [INFO] Credentials loaded from: C:\Users\dawson.h\Desktop\ticket-to-excel-automation\.env
2026-04-16 09:13:07,866 [INFO] AZURE_TENANT_ID starts with: 'b4ed'
2026-04-16 09:13:08,426 [INFO] Authenticated with Microsoft Graph API.
2026-04-16 09:13:09,150 [INFO] Found 1 unread email(s) with PDF attachments.
2026-04-16 09:13:09,151 [INFO] =======================================================
2026-04-16 09:13:09,152 [INFO] Processing: 'FW: [Scan] 2026-04-15 14:20'
2026-04-16 09:13:09,152 [INFO]   Downloading '2026-04-15 14-20.pdf'...
2026-04-16 09:13:09,637 [INFO]   Rendering PDF pages...
2026-04-16 09:13:09,898 [INFO]   Scanning for QR code...
2026-04-16 09:13:10,189 [INFO]   QR → Job: 2501  Location: 0420  Cost Code: 312323-20
2026-04-16 09:13:10,189 [INFO]   Running OCR...
2026-04-16 09:13:11,896 [INFO] OCR debug: raw text saved to ocr_debug.txt
2026-04-16 09:13:12,531 [INFO] OCR debug: preprocessed first page saved to ocr_debug.png
2026-04-16 09:13:12,532 [INFO] Facility fuzzy-corrected: '800 Bradley Quarry' → '800 Bradiey Quarry'
2026-04-16 09:13:12,533 [INFO] Facility fuzzy-corrected: '800 Bradley Quarry' → '800 Bradiey Quarry'
2026-04-16 09:13:12,534 [INFO]   OCR → Ticket: 16800  Date: 8/6/2025  Facility: 800 Bradiey Quarry  Customer: C0520 MJ Hughes Construction  Net Tons: 18.64
2026-04-16 09:13:12,537 [WARNING]   DUPLICATE TICKET detected: '16800' already exists in tab '312323-20'
2026-04-16 09:13:12,538 [ERROR] Error logged → 'FW: [Scan] 2026-04-15 14:20': DUPLICATE TICKET: 16800 - FW: [Scan] 2026-04-15 14:20 - 2026-04-16 09:13:12
2026-04-16 09:13:12,538 [INFO]   Writing duplicate row to Excel...
2026-04-16 09:13:12,554 [INFO] Excel: wrote ticket 16800 to tab '312323-20' in materials_log.xlsx.
2026-04-16 09:13:12,555 [INFO]   Sending duplicate-ticket reply...
2026-04-16 09:13:12,924 [WARNING]   Duplicate reply not sent (will continue): 403 Client Error: Forbidden for url: https://graph.microsoft.com/v1.0/users/help@mjhughes.com/messages/AAMkAGJhMTljYmM4LTk5MmQtNGYzYy1iMjVkLTQxYjIyYmJjYjAwZQBGAAAAAACGS7jncFP_TrzrW1Hz7wysBwCf5kq4dgz5QZHK1WIWgeP-AAAAAAEMAACf5kq4dgz5QZHK1WIWgeP-AAAAACS2AAA=/reply
2026-04-16 09:13:12,925 [INFO]   Renaming email subject...
2026-04-16 09:13:13,455 [INFO] Renamed email AAMkAGJhMTljYmM4LTk5MmQtNGYzYy1iMjVkLTQxYjIyYmJjYjAwZQBGAAAAAACGS7jncFP_TrzrW1Hz7wysBwCf5kq4dgz5QZHK1WIWgeP-AAAAAAEMAACf5kq4dgz5QZHK1WIWgeP-AAAAACS2AAA= subject to: 'DUPLICATE - Ticket 16800 - 808 Bradley Rock Rip Rap - 8/6/2025'
2026-04-16 09:13:13,455 [INFO]   Moving duplicate email to 'REVIEW REQUIRED' folder...
2026-04-16 09:13:14,268 [INFO] Moved email AAMkAGJhMTljYmM4LTk5MmQtNGYzYy1iMjVkLTQxYjIyYmJjYjAwZQBGAAAAAACGS7jncFP_TrzrW1Hz7wysBwCf5kq4dgz5QZHK1WIWgeP-AAAAAAEMAACf5kq4dgz5QZHK1WIWgeP-AAAAACS2AAA= to 'REVIEW REQUIRED' folder (new id=AAMkAGJhMTljYmM4LTk5MmQtNGYzYy1iMjVkLTQxYjIyYmJjYjAwZQBGAAAAAACGS7jncFP_TrzrW1Hz7wysBwCf5kq4dgz5QZHK1WIWgeP-AAAAAWCJAACf5kq4dgz5QZHK1WIWgeP-AAAAAuxtAAA=).
2026-04-16 09:13:14,268 [INFO]   Marking duplicate email as unread in 'REVIEW REQUIRED' folder...
2026-04-16 09:13:14,695 [INFO] Marked email AAMkAGJhMTljYmM4LTk5MmQtNGYzYy1iMjVkLTQxYjIyYmJjYjAwZQBGAAAAAACGS7jncFP_TrzrW1Hz7wysBwCf5kq4dgz5QZHK1WIWgeP-AAAAAWCJAACf5kq4dgz5QZHK1WIWgeP-AAAAAuxtAAA= as unread (flagged for review).
2026-04-16 09:13:14,697 [INFO] =======================================================
2026-04-16 09:13:14,697 [INFO] Complete — success: 1  failed: 0  (failed emails remain unread for retry)
2026-04-16 09:13:14,697 [INFO] =======================================================
2026-04-16 09:14:49,537 [INFO] =======================================================
2026-04-16 09:14:49,537 [INFO] Ticket Processing Automation — starting
2026-04-16 09:14:49,538 [INFO] Run time: 2026-04-16 09:14:49
2026-04-16 09:14:49,538 [INFO] =======================================================
2026-04-16 09:14:49,538 [INFO] Credentials loaded from: C:\Users\dawson.h\Desktop\ticket-to-excel-automation\.env
2026-04-16 09:14:49,538 [INFO] AZURE_TENANT_ID starts with: 'b4ed'
2026-04-16 09:14:50,103 [INFO] Authenticated with Microsoft Graph API.
2026-04-16 09:14:50,872 [INFO] Found 1 unread email(s) with PDF attachments.
2026-04-16 09:14:50,874 [INFO] =======================================================
2026-04-16 09:14:50,874 [INFO] Processing: 'FW: [Scan] 2026-04-16 08:57'
2026-04-16 09:14:50,875 [INFO]   Downloading '2026-04-16 08-57.pdf'...
2026-04-16 09:14:51,340 [INFO]   Rendering PDF pages...
2026-04-16 09:14:51,536 [INFO]   Scanning for QR code...
2026-04-16 09:14:51,768 [INFO]   QR → Job: 2501  Location: 0510  Cost Code: 312323-21
2026-04-16 09:14:51,768 [INFO]   Running OCR...
2026-04-16 09:14:53,139 [INFO] OCR debug: raw text saved to ocr_debug.txt
2026-04-16 09:14:53,704 [INFO] OCR debug: preprocessed first page saved to ocr_debug.png
2026-04-16 09:14:53,706 [WARNING]   OCR confidence FAILED: valid complete date not found
2026-04-16 09:14:53,707 [WARNING]   OCR confidence FAILED: 'Product' label not found in OCR text
2026-04-16 09:14:53,707 [WARNING]   OCR confidence FAILED: facility name could not be extracted
2026-04-16 09:14:53,707 [WARNING]   OCR confidence FAILED: 'Net' not found — weight table may not have been read
2026-04-16 09:14:53,707 [WARNING] OCR confidence check failed (4 of 5 check(s) failed). Ticket will be flagged for manual review.
2026-04-16 09:14:53,707 [WARNING]   TICKET FLAGGED FOR REVIEW: 'FW: [Scan] 2026-04-16 08:57'
2026-04-16 09:14:53,707 [WARNING]     - valid complete date not found
2026-04-16 09:14:53,707 [WARNING]     - 'Product' label not found in OCR text
2026-04-16 09:14:53,707 [WARNING]     - facility name could not be extracted
2026-04-16 09:14:53,707 [WARNING]     - 'Net' not found — weight table may not have been read
2026-04-16 09:14:53,708 [ERROR] Error logged → 'FW: [Scan] 2026-04-16 08:57': REVIEW REQUIRED: FW: [Scan] 2026-04-16 08:57 - 2026-04-16 09:14:53 - Failed checks: valid complete date not found; 'Product' label not found in OCR text; facility name could not be extracted; 'Net' not found — weight table may not have been read
2026-04-16 09:14:53,708 [INFO]   Sending review-required reply...
2026-04-16 09:14:54,131 [WARNING]   Review reply not sent (will continue): 403 Client Error: Forbidden for url: https://graph.microsoft.com/v1.0/users/help@mjhughes.com/messages/AAMkAGJhMTljYmM4LTk5MmQtNGYzYy1iMjVkLTQxYjIyYmJjYjAwZQBGAAAAAACGS7jncFP_TrzrW1Hz7wysBwCf5kq4dgz5QZHK1WIWgeP-AAAAAAEMAACf5kq4dgz5QZHK1WIWgeP-AAAAAAlIAAA=/reply
2026-04-16 09:14:54,133 [INFO]   Flagging email with 'REVIEW REQUIRED' category...
2026-04-16 09:14:54,779 [INFO] Flagged email AAMkAGJhMTljYmM4LTk5MmQtNGYzYy1iMjVkLTQxYjIyYmJjYjAwZQBGAAAAAACGS7jncFP_TrzrW1Hz7wysBwCf5kq4dgz5QZHK1WIWgeP-AAAAAAEMAACf5kq4dgz5QZHK1WIWgeP-AAAAAAlIAAA= with category 'REVIEW REQUIRED'.
2026-04-16 09:14:54,779 [INFO]   Renaming email subject...
2026-04-16 09:14:58,809 [INFO] Renamed email AAMkAGJhMTljYmM4LTk5MmQtNGYzYy1iMjVkLTQxYjIyYmJjYjAwZQBGAAAAAACGS7jncFP_TrzrW1Hz7wysBwCf5kq4dgz5QZHK1WIWgeP-AAAAAAEMAACf5kq4dgz5QZHK1WIWgeP-AAAAAAlIAAA= subject to: 'REVIEW REQUIRED - FW: [Scan] 2026-04-16 08:57'
2026-04-16 09:14:58,810 [INFO]   Moving email to 'REVIEW REQUIRED' folder...
2026-04-16 09:14:59,618 [INFO] Moved email AAMkAGJhMTljYmM4LTk5MmQtNGYzYy1iMjVkLTQxYjIyYmJjYjAwZQBGAAAAAACGS7jncFP_TrzrW1Hz7wysBwCf5kq4dgz5QZHK1WIWgeP-AAAAAAEMAACf5kq4dgz5QZHK1WIWgeP-AAAAAAlIAAA= to 'REVIEW REQUIRED' folder (new id=AAMkAGJhMTljYmM4LTk5MmQtNGYzYy1iMjVkLTQxYjIyYmJjYjAwZQBGAAAAAACGS7jncFP_TrzrW1Hz7wysBwCf5kq4dgz5QZHK1WIWgeP-AAAAAWCJAACf5kq4dgz5QZHK1WIWgeP-AAAAAuxuAAA=).
2026-04-16 09:14:59,619 [INFO]   Marking email as unread in 'REVIEW REQUIRED' folder...
2026-04-16 09:14:59,990 [INFO] Marked email AAMkAGJhMTljYmM4LTk5MmQtNGYzYy1iMjVkLTQxYjIyYmJjYjAwZQBGAAAAAACGS7jncFP_TrzrW1Hz7wysBwCf5kq4dgz5QZHK1WIWgeP-AAAAAWCJAACf5kq4dgz5QZHK1WIWgeP-AAAAAuxuAAA= as unread (flagged for review).
2026-04-16 09:14:59,991 [INFO] =======================================================
2026-04-16 09:14:59,991 [INFO] Complete — success: 1  failed: 0  (failed emails remain unread for retry)
2026-04-16 09:14:59,992 [INFO] =======================================================
2026-04-16 09:18:13,609 [INFO] =======================================================
2026-04-16 09:18:13,609 [INFO] Ticket Processing Automation — starting
2026-04-16 09:18:13,609 [INFO] Run time: 2026-04-16 09:18:13
2026-04-16 09:18:13,609 [INFO] =======================================================
2026-04-16 09:18:13,609 [INFO] Credentials loaded from: C:\Users\dawson.h\Desktop\ticket-to-excel-automation\.env
2026-04-16 09:18:13,609 [INFO] AZURE_TENANT_ID starts with: 'b4ed'
2026-04-16 09:18:14,167 [INFO] Authenticated with Microsoft Graph API.
2026-04-16 09:18:14,867 [INFO] Found 1 unread email(s) with PDF attachments.
2026-04-16 09:18:14,869 [INFO] =======================================================
2026-04-16 09:18:14,869 [INFO] Processing: 'REVIEW REQUIRED - FW: [Scan] 2026-04-16 08:57'
2026-04-16 09:18:14,869 [INFO]   Downloading '2026-04-16 08-57.pdf'...
2026-04-16 09:18:15,342 [INFO]   Rendering PDF pages...
2026-04-16 09:18:15,542 [INFO]   Scanning for QR code...
2026-04-16 09:18:15,765 [INFO]   QR → Job: 2501  Location: 0510  Cost Code: 312323-21
2026-04-16 09:18:15,765 [INFO]   Running OCR...
2026-04-16 09:18:17,224 [INFO] OCR debug: raw text saved to ocr_debug.txt
2026-04-16 09:18:17,822 [INFO] OCR debug: preprocessed first page saved to ocr_debug.png
2026-04-16 09:18:17,824 [WARNING]   OCR confidence FAILED: valid complete date not found
2026-04-16 09:18:17,824 [WARNING]   OCR confidence FAILED: 'Product' label not found in OCR text
2026-04-16 09:18:17,824 [WARNING]   OCR confidence FAILED: facility name could not be extracted
2026-04-16 09:18:17,825 [WARNING]   OCR confidence FAILED: 'Net' not found — weight table may not have been read
2026-04-16 09:18:17,825 [WARNING] OCR confidence check failed (4 of 5 check(s) failed). Ticket will be flagged for manual review.
2026-04-16 09:18:17,825 [WARNING]   TICKET FLAGGED FOR REVIEW: 'REVIEW REQUIRED - FW: [Scan] 2026-04-16 08:57'
2026-04-16 09:18:17,825 [WARNING]     - valid complete date not found
2026-04-16 09:18:17,825 [WARNING]     - 'Product' label not found in OCR text
2026-04-16 09:18:17,825 [WARNING]     - facility name could not be extracted
2026-04-16 09:18:17,825 [WARNING]     - 'Net' not found — weight table may not have been read
2026-04-16 09:18:17,826 [ERROR] Error logged → 'REVIEW REQUIRED - FW: [Scan] 2026-04-16 08:57': REVIEW REQUIRED: REVIEW REQUIRED - FW: [Scan] 2026-04-16 08:57 - 2026-04-16 09:18:17 - Failed checks: valid complete date not found; 'Product' label not found in OCR text; facility name could not be extracted; 'Net' not found — weight table may not have been read
2026-04-16 09:18:17,826 [INFO]   Sending review-required reply...
2026-04-16 09:18:18,188 [WARNING]   Review reply not sent (will continue): 403 Client Error: Forbidden for url: https://graph.microsoft.com/v1.0/users/help@mjhughes.com/messages/AAMkAGJhMTljYmM4LTk5MmQtNGYzYy1iMjVkLTQxYjIyYmJjYjAwZQBGAAAAAACGS7jncFP_TrzrW1Hz7wysBwCf5kq4dgz5QZHK1WIWgeP-AAAAAAEMAACf5kq4dgz5QZHK1WIWgeP-AAAAACS3AAA=/reply
2026-04-16 09:18:18,189 [INFO]   Flagging email with 'REVIEW REQUIRED' category...
2026-04-16 09:18:18,574 [INFO] Flagged email AAMkAGJhMTljYmM4LTk5MmQtNGYzYy1iMjVkLTQxYjIyYmJjYjAwZQBGAAAAAACGS7jncFP_TrzrW1Hz7wysBwCf5kq4dgz5QZHK1WIWgeP-AAAAAAEMAACf5kq4dgz5QZHK1WIWgeP-AAAAACS3AAA= with category 'REVIEW REQUIRED'.
2026-04-16 09:18:18,575 [INFO]   Renaming email subject...
2026-04-16 09:18:22,494 [INFO] Renamed email AAMkAGJhMTljYmM4LTk5MmQtNGYzYy1iMjVkLTQxYjIyYmJjYjAwZQBGAAAAAACGS7jncFP_TrzrW1Hz7wysBwCf5kq4dgz5QZHK1WIWgeP-AAAAAAEMAACf5kq4dgz5QZHK1WIWgeP-AAAAACS3AAA= subject to: 'REVIEW REQUIRED - REVIEW REQUIRED - FW: [Scan] 2026-04-16 08:57'
2026-04-16 09:18:22,495 [INFO]   Moving email to 'REVIEW REQUIRED' folder...
2026-04-16 09:18:23,282 [INFO] Moved email AAMkAGJhMTljYmM4LTk5MmQtNGYzYy1iMjVkLTQxYjIyYmJjYjAwZQBGAAAAAACGS7jncFP_TrzrW1Hz7wysBwCf5kq4dgz5QZHK1WIWgeP-AAAAAAEMAACf5kq4dgz5QZHK1WIWgeP-AAAAACS3AAA= to 'REVIEW REQUIRED' folder (new id=AAMkAGJhMTljYmM4LTk5MmQtNGYzYy1iMjVkLTQxYjIyYmJjYjAwZQBGAAAAAACGS7jncFP_TrzrW1Hz7wysBwCf5kq4dgz5QZHK1WIWgeP-AAAAAWCJAACf5kq4dgz5QZHK1WIWgeP-AAAAAuxvAAA=).
2026-04-16 09:18:23,282 [INFO]   Marking email as unread in 'REVIEW REQUIRED' folder...
2026-04-16 09:18:23,742 [INFO] Marked email AAMkAGJhMTljYmM4LTk5MmQtNGYzYy1iMjVkLTQxYjIyYmJjYjAwZQBGAAAAAACGS7jncFP_TrzrW1Hz7wysBwCf5kq4dgz5QZHK1WIWgeP-AAAAAWCJAACf5kq4dgz5QZHK1WIWgeP-AAAAAuxvAAA= as unread (flagged for review).
2026-04-16 09:18:23,744 [INFO] =======================================================
2026-04-16 09:18:23,744 [INFO] Complete — success: 1  failed: 0  (failed emails remain unread for retry)
2026-04-16 09:18:23,745 [INFO] =======================================================
2026-04-16 09:19:54,719 [INFO] =======================================================
2026-04-16 09:19:54,719 [INFO] Ticket Processing Automation — starting
2026-04-16 09:19:54,719 [INFO] Run time: 2026-04-16 09:19:54
2026-04-16 09:19:54,720 [INFO] =======================================================
2026-04-16 09:19:54,720 [INFO] Credentials loaded from: C:\Users\dawson.h\Desktop\ticket-to-excel-automation\.env
2026-04-16 09:19:54,720 [INFO] AZURE_TENANT_ID starts with: 'b4ed'
2026-04-16 09:19:55,497 [INFO] Authenticated with Microsoft Graph API.
2026-04-16 09:19:56,172 [INFO] Found 1 unread email(s) with PDF attachments.
2026-04-16 09:19:56,174 [INFO] =======================================================
2026-04-16 09:19:56,174 [INFO] Processing: 'FW: [Scan] 2026-04-15 16:06'
2026-04-16 09:19:56,174 [INFO]   Downloading '2026-04-15 16-06.pdf'...
2026-04-16 09:19:56,629 [INFO]   Rendering PDF pages...
2026-04-16 09:19:56,852 [INFO]   Scanning for QR code...
2026-04-16 09:19:57,088 [INFO]   QR → Job: 2501  Location: 0510  Cost Code: 312323-21
2026-04-16 09:19:57,088 [INFO]   Running OCR...
2026-04-16 09:19:58,545 [INFO] OCR debug: raw text saved to ocr_debug.txt
2026-04-16 09:19:59,103 [INFO] OCR debug: preprocessed first page saved to ocr_debug.png
2026-04-16 09:19:59,105 [INFO] Facility fuzzy-corrected: 'S8& Sraciey Quarry' → 'Sraciey Quarry oe'
2026-04-16 09:19:59,105 [WARNING]   OCR confidence FAILED: 'Product' label not found in OCR text
2026-04-16 09:19:59,105 [WARNING]   OCR confidence FAILED: 5-digit ticket number not found in top quarter of text
2026-04-16 09:19:59,105 [WARNING] OCR confidence check failed (2 of 5 check(s) failed). Ticket will be flagged for manual review.
2026-04-16 09:19:59,106 [WARNING]   TICKET FLAGGED FOR REVIEW: 'FW: [Scan] 2026-04-15 16:06'
2026-04-16 09:19:59,106 [WARNING]     - 'Product' label not found in OCR text
2026-04-16 09:19:59,106 [WARNING]     - 5-digit ticket number not found in top quarter of text
2026-04-16 09:19:59,106 [ERROR] Error logged → 'FW: [Scan] 2026-04-15 16:06': REVIEW REQUIRED: FW: [Scan] 2026-04-15 16:06 - 2026-04-16 09:19:59 - Failed checks: 'Product' label not found in OCR text; 5-digit ticket number not found in top quarter of text
2026-04-16 09:19:59,106 [INFO]   Sending review-required reply...
2026-04-16 09:19:59,468 [WARNING]   Review reply not sent (will continue): 403 Client Error: Forbidden for url: https://graph.microsoft.com/v1.0/users/help@mjhughes.com/messages/AAMkAGJhMTljYmM4LTk5MmQtNGYzYy1iMjVkLTQxYjIyYmJjYjAwZQBGAAAAAACGS7jncFP_TrzrW1Hz7wysBwCf5kq4dgz5QZHK1WIWgeP-AAAAAAEMAACf5kq4dgz5QZHK1WIWgeP-AAAAACS1AAA=/reply
2026-04-16 09:19:59,470 [INFO]   Flagging email with 'REVIEW REQUIRED' category...
2026-04-16 09:19:59,851 [INFO] Flagged email AAMkAGJhMTljYmM4LTk5MmQtNGYzYy1iMjVkLTQxYjIyYmJjYjAwZQBGAAAAAACGS7jncFP_TrzrW1Hz7wysBwCf5kq4dgz5QZHK1WIWgeP-AAAAAAEMAACf5kq4dgz5QZHK1WIWgeP-AAAAACS1AAA= with category 'REVIEW REQUIRED'.
2026-04-16 09:19:59,851 [INFO]   Renaming email subject...
2026-04-16 09:20:00,291 [INFO] Renamed email AAMkAGJhMTljYmM4LTk5MmQtNGYzYy1iMjVkLTQxYjIyYmJjYjAwZQBGAAAAAACGS7jncFP_TrzrW1Hz7wysBwCf5kq4dgz5QZHK1WIWgeP-AAAAAAEMAACf5kq4dgz5QZHK1WIWgeP-AAAAACS1AAA= subject to: 'REVIEW REQUIRED - FW: [Scan] 2026-04-15 16:06'
2026-04-16 09:20:00,292 [INFO]   Moving email to 'REVIEW REQUIRED' folder...
2026-04-16 09:20:01,135 [INFO] Moved email AAMkAGJhMTljYmM4LTk5MmQtNGYzYy1iMjVkLTQxYjIyYmJjYjAwZQBGAAAAAACGS7jncFP_TrzrW1Hz7wysBwCf5kq4dgz5QZHK1WIWgeP-AAAAAAEMAACf5kq4dgz5QZHK1WIWgeP-AAAAACS1AAA= to 'REVIEW REQUIRED' folder (new id=AAMkAGJhMTljYmM4LTk5MmQtNGYzYy1iMjVkLTQxYjIyYmJjYjAwZQBGAAAAAACGS7jncFP_TrzrW1Hz7wysBwCf5kq4dgz5QZHK1WIWgeP-AAAAAWCJAACf5kq4dgz5QZHK1WIWgeP-AAAAAuxwAAA=).
2026-04-16 09:20:01,135 [INFO]   Marking email as unread in 'REVIEW REQUIRED' folder...
2026-04-16 09:20:01,643 [INFO] Marked email AAMkAGJhMTljYmM4LTk5MmQtNGYzYy1iMjVkLTQxYjIyYmJjYjAwZQBGAAAAAACGS7jncFP_TrzrW1Hz7wysBwCf5kq4dgz5QZHK1WIWgeP-AAAAAWCJAACf5kq4dgz5QZHK1WIWgeP-AAAAAuxwAAA= as unread (flagged for review).
2026-04-16 09:20:01,644 [INFO] =======================================================
2026-04-16 09:20:01,645 [INFO] Complete — success: 1  failed: 0  (failed emails remain unread for retry)
2026-04-16 09:20:01,645 [INFO] =======================================================
2026-04-16 09:20:36,141 [INFO] =======================================================
2026-04-16 09:20:36,141 [INFO] Ticket Processing Automation — starting
2026-04-16 09:20:36,142 [INFO] Run time: 2026-04-16 09:20:36
2026-04-16 09:20:36,142 [INFO] =======================================================
2026-04-16 09:20:36,142 [INFO] Credentials loaded from: C:\Users\dawson.h\Desktop\ticket-to-excel-automation\.env
2026-04-16 09:20:36,142 [INFO] AZURE_TENANT_ID starts with: 'b4ed'
2026-04-16 09:20:36,986 [INFO] Authenticated with Microsoft Graph API.
2026-04-16 09:20:37,572 [INFO] Found 0 unread email(s) with PDF attachments.
2026-04-16 09:20:37,574 [INFO] No unread emails with PDF attachments. Nothing to do.
2026-04-16 09:20:53,152 [INFO] =======================================================
2026-04-16 09:20:53,153 [INFO] Ticket Processing Automation — starting
2026-04-16 09:20:53,153 [INFO] Run time: 2026-04-16 09:20:53
2026-04-16 09:20:53,153 [INFO] =======================================================
2026-04-16 09:20:53,153 [INFO] Credentials loaded from: C:\Users\dawson.h\Desktop\ticket-to-excel-automation\.env
2026-04-16 09:20:53,154 [INFO] AZURE_TENANT_ID starts with: 'b4ed'
2026-04-16 09:20:53,877 [INFO] Authenticated with Microsoft Graph API.
2026-04-16 09:20:54,603 [INFO] Found 1 unread email(s) with PDF attachments.
2026-04-16 09:20:54,604 [INFO] =======================================================
2026-04-16 09:20:54,605 [INFO] Processing: 'FW: [Scan] 2026-04-15 16:24'
2026-04-16 09:20:54,605 [INFO]   Downloading '2026-04-15 16-24.pdf'...
2026-04-16 09:20:55,419 [INFO]   Rendering PDF pages...
2026-04-16 09:20:55,633 [INFO]   Scanning for QR code...
2026-04-16 09:20:55,861 [INFO]   QR → Job: 2501  Location: 0510  Cost Code: 312323-21
2026-04-16 09:20:55,862 [INFO]   Running OCR...
2026-04-16 09:20:57,309 [INFO] OCR debug: raw text saved to ocr_debug.txt
2026-04-16 09:20:57,901 [INFO] OCR debug: preprocessed first page saved to ocr_debug.png
2026-04-16 09:20:57,902 [WARNING]   OCR confidence FAILED: valid complete date not found
2026-04-16 09:20:57,902 [WARNING] OCR confidence check failed (1 of 5 check(s) failed). Ticket will be flagged for manual review.
2026-04-16 09:20:57,902 [WARNING]   TICKET FLAGGED FOR REVIEW: 'FW: [Scan] 2026-04-15 16:24'
2026-04-16 09:20:57,903 [WARNING]     - valid complete date not found
2026-04-16 09:20:57,903 [ERROR] Error logged → 'FW: [Scan] 2026-04-15 16:24': REVIEW REQUIRED: FW: [Scan] 2026-04-15 16:24 - 2026-04-16 09:20:57 - Failed checks: valid complete date not found
2026-04-16 09:20:57,903 [INFO]   Sending review-required reply...
2026-04-16 09:20:58,252 [WARNING]   Review reply not sent (will continue): 403 Client Error: Forbidden for url: https://graph.microsoft.com/v1.0/users/help@mjhughes.com/messages/AAMkAGJhMTljYmM4LTk5MmQtNGYzYy1iMjVkLTQxYjIyYmJjYjAwZQBGAAAAAACGS7jncFP_TrzrW1Hz7wysBwCf5kq4dgz5QZHK1WIWgeP-AAAAAAEMAACf5kq4dgz5QZHK1WIWgeP-AAAAAAlFAAA=/reply
2026-04-16 09:20:58,254 [INFO]   Flagging email with 'REVIEW REQUIRED' category...
2026-04-16 09:21:00,001 [INFO] Flagged email AAMkAGJhMTljYmM4LTk5MmQtNGYzYy1iMjVkLTQxYjIyYmJjYjAwZQBGAAAAAACGS7jncFP_TrzrW1Hz7wysBwCf5kq4dgz5QZHK1WIWgeP-AAAAAAEMAACf5kq4dgz5QZHK1WIWgeP-AAAAAAlFAAA= with category 'REVIEW REQUIRED'.
2026-04-16 09:21:00,001 [INFO]   Renaming email subject...
2026-04-16 09:21:03,935 [INFO] Renamed email AAMkAGJhMTljYmM4LTk5MmQtNGYzYy1iMjVkLTQxYjIyYmJjYjAwZQBGAAAAAACGS7jncFP_TrzrW1Hz7wysBwCf5kq4dgz5QZHK1WIWgeP-AAAAAAEMAACf5kq4dgz5QZHK1WIWgeP-AAAAAAlFAAA= subject to: 'REVIEW REQUIRED - FW: [Scan] 2026-04-15 16:24'
2026-04-16 09:21:03,936 [INFO]   Moving email to 'REVIEW REQUIRED' folder...
2026-04-16 09:21:04,850 [INFO] Moved email AAMkAGJhMTljYmM4LTk5MmQtNGYzYy1iMjVkLTQxYjIyYmJjYjAwZQBGAAAAAACGS7jncFP_TrzrW1Hz7wysBwCf5kq4dgz5QZHK1WIWgeP-AAAAAAEMAACf5kq4dgz5QZHK1WIWgeP-AAAAAAlFAAA= to 'REVIEW REQUIRED' folder (new id=AAMkAGJhMTljYmM4LTk5MmQtNGYzYy1iMjVkLTQxYjIyYmJjYjAwZQBGAAAAAACGS7jncFP_TrzrW1Hz7wysBwCf5kq4dgz5QZHK1WIWgeP-AAAAAWCJAACf5kq4dgz5QZHK1WIWgeP-AAAAAuxxAAA=).
2026-04-16 09:21:04,851 [INFO]   Marking email as unread in 'REVIEW REQUIRED' folder...
2026-04-16 09:21:05,248 [INFO] Marked email AAMkAGJhMTljYmM4LTk5MmQtNGYzYy1iMjVkLTQxYjIyYmJjYjAwZQBGAAAAAACGS7jncFP_TrzrW1Hz7wysBwCf5kq4dgz5QZHK1WIWgeP-AAAAAWCJAACf5kq4dgz5QZHK1WIWgeP-AAAAAuxxAAA= as unread (flagged for review).
2026-04-16 09:21:05,250 [INFO] =======================================================
2026-04-16 09:21:05,251 [INFO] Complete — success: 1  failed: 0  (failed emails remain unread for retry)
2026-04-16 09:21:05,251 [INFO] =======================================================
2026-04-16 09:23:58,788 [INFO] =======================================================
2026-04-16 09:23:58,789 [INFO] Ticket Processing Automation — starting
2026-04-16 09:23:58,789 [INFO] Run time: 2026-04-16 09:23:58
2026-04-16 09:23:58,789 [INFO] =======================================================
2026-04-16 09:23:58,789 [INFO] Credentials loaded from: C:\Users\dawson.h\Desktop\ticket-to-excel-automation\.env
2026-04-16 09:23:58,789 [INFO] AZURE_TENANT_ID starts with: 'b4ed'
2026-04-16 09:23:59,644 [INFO] Authenticated with Microsoft Graph API.
2026-04-16 09:24:00,345 [INFO] Found 1 unread email(s) with PDF attachments.
2026-04-16 09:24:00,347 [INFO] =======================================================
2026-04-16 09:24:00,347 [INFO] Processing: 'REVIEW REQUIRED - FW: [Scan] 2026-04-15 16:24'
2026-04-16 09:24:00,347 [INFO]   Downloading '2026-04-15 16-24.pdf'...
2026-04-16 09:24:00,877 [INFO]   Rendering PDF pages...
2026-04-16 09:24:01,091 [INFO]   Scanning for QR code...
2026-04-16 09:24:01,334 [INFO]   QR → Job: 2501  Location: 0510  Cost Code: 312323-21
2026-04-16 09:24:01,335 [INFO]   Running OCR...
2026-04-16 09:24:02,796 [INFO] OCR debug: raw text saved to ocr_debug.txt
2026-04-16 09:24:03,271 [INFO] OCR debug: preprocessed first page saved to ocr_debug.png
2026-04-16 09:24:03,272 [WARNING]   OCR confidence FAILED: valid complete date not found
2026-04-16 09:24:03,273 [WARNING]   OCR confidence FAILED: 5-digit ticket number not found in top quarter of text
2026-04-16 09:24:03,273 [WARNING] OCR confidence check failed (2 of 5 check(s) failed). Ticket will be flagged for manual review.
2026-04-16 09:24:03,273 [WARNING]   TICKET FLAGGED FOR REVIEW: 'REVIEW REQUIRED - FW: [Scan] 2026-04-15 16:24'
2026-04-16 09:24:03,273 [WARNING]     - valid complete date not found
2026-04-16 09:24:03,273 [WARNING]     - 5-digit ticket number not found in top quarter of text
2026-04-16 09:24:03,274 [ERROR] Error logged → 'REVIEW REQUIRED - FW: [Scan] 2026-04-15 16:24': REVIEW REQUIRED: REVIEW REQUIRED - FW: [Scan] 2026-04-15 16:24 - 2026-04-16 09:24:03 - Failed checks: valid complete date not found; 5-digit ticket number not found in top quarter of text
2026-04-16 09:24:03,274 [INFO]   Sending review-required reply...
2026-04-16 09:24:03,594 [WARNING]   Review reply not sent (will continue): 403 Client Error: Forbidden for url: https://graph.microsoft.com/v1.0/users/help@mjhughes.com/messages/AAMkAGJhMTljYmM4LTk5MmQtNGYzYy1iMjVkLTQxYjIyYmJjYjAwZQBGAAAAAACGS7jncFP_TrzrW1Hz7wysBwCf5kq4dgz5QZHK1WIWgeP-AAAAAAEMAACf5kq4dgz5QZHK1WIWgeP-AAAAACS4AAA=/reply
2026-04-16 09:24:03,596 [INFO]   Flagging email with 'REVIEW REQUIRED' category...
2026-04-16 09:24:03,978 [INFO] Flagged email AAMkAGJhMTljYmM4LTk5MmQtNGYzYy1iMjVkLTQxYjIyYmJjYjAwZQBGAAAAAACGS7jncFP_TrzrW1Hz7wysBwCf5kq4dgz5QZHK1WIWgeP-AAAAAAEMAACf5kq4dgz5QZHK1WIWgeP-AAAAACS4AAA= with category 'REVIEW REQUIRED'.
2026-04-16 09:24:03,979 [INFO]   Renaming email subject...
2026-04-16 09:24:04,414 [INFO] Renamed email AAMkAGJhMTljYmM4LTk5MmQtNGYzYy1iMjVkLTQxYjIyYmJjYjAwZQBGAAAAAACGS7jncFP_TrzrW1Hz7wysBwCf5kq4dgz5QZHK1WIWgeP-AAAAAAEMAACf5kq4dgz5QZHK1WIWgeP-AAAAACS4AAA= subject to: 'REVIEW REQUIRED - REVIEW REQUIRED - FW: [Scan] 2026-04-15 16:24'
2026-04-16 09:24:04,414 [INFO]   Moving email to 'REVIEW REQUIRED' folder...
2026-04-16 09:24:05,265 [INFO] Moved email AAMkAGJhMTljYmM4LTk5MmQtNGYzYy1iMjVkLTQxYjIyYmJjYjAwZQBGAAAAAACGS7jncFP_TrzrW1Hz7wysBwCf5kq4dgz5QZHK1WIWgeP-AAAAAAEMAACf5kq4dgz5QZHK1WIWgeP-AAAAACS4AAA= to 'REVIEW REQUIRED' folder (new id=AAMkAGJhMTljYmM4LTk5MmQtNGYzYy1iMjVkLTQxYjIyYmJjYjAwZQBGAAAAAACGS7jncFP_TrzrW1Hz7wysBwCf5kq4dgz5QZHK1WIWgeP-AAAAAWCJAACf5kq4dgz5QZHK1WIWgeP-AAAAAuxyAAA=).
2026-04-16 09:24:05,266 [INFO]   Marking email as unread in 'REVIEW REQUIRED' folder...
2026-04-16 09:24:05,775 [INFO] Marked email AAMkAGJhMTljYmM4LTk5MmQtNGYzYy1iMjVkLTQxYjIyYmJjYjAwZQBGAAAAAACGS7jncFP_TrzrW1Hz7wysBwCf5kq4dgz5QZHK1WIWgeP-AAAAAWCJAACf5kq4dgz5QZHK1WIWgeP-AAAAAuxyAAA= as unread (flagged for review).
2026-04-16 09:24:05,777 [INFO] =======================================================
2026-04-16 09:24:05,777 [INFO] Complete — success: 1  failed: 0  (failed emails remain unread for retry)
2026-04-16 09:24:05,778 [INFO] =======================================================
2026-04-16 09:43:51,757 [INFO] =======================================================
2026-04-16 09:43:51,757 [INFO] Ticket Processing Automation — starting
2026-04-16 09:43:51,757 [INFO] Run time: 2026-04-16 09:43:51
2026-04-16 09:43:51,757 [INFO] =======================================================
2026-04-16 09:43:51,757 [INFO] Credentials loaded from: C:\Users\dawson.h\Desktop\ticket-to-excel-automation\.env
2026-04-16 09:43:51,758 [INFO] AZURE_TENANT_ID starts with: 'b4ed'
2026-04-16 09:43:51,758 [INFO] Loaded ticket profile: 'Teevin Bros Land & Timber Co., LLC' (teevin_bros.json)
2026-04-16 09:43:51,758 [INFO] Loaded 1 ticket profile(s).
2026-04-16 09:43:52,290 [INFO] Authenticated with Microsoft Graph API.
2026-04-16 09:43:52,961 [INFO] Found 1 unread email(s) with PDF attachments.
2026-04-16 09:43:52,962 [INFO] =======================================================
2026-04-16 09:43:52,962 [INFO] Processing: 'REVIEW REQUIRED - REVIEW REQUIRED - FW: [Scan] 2026-04-15 16:24'
2026-04-16 09:43:52,962 [INFO]   Downloading '2026-04-15 16-24.pdf'...
2026-04-16 09:43:53,458 [INFO]   Rendering PDF pages...
2026-04-16 09:43:53,666 [INFO]   Scanning for QR code...
2026-04-16 09:43:53,899 [INFO]   QR → Job: 2501  Location: 0510  Cost Code: 312323-21
2026-04-16 09:43:53,899 [INFO]   Running OCR...
2026-04-16 09:43:55,339 [INFO]   Detected profile: 'Teevin Bros Land & Timber Co., LLC'
2026-04-16 09:43:55,340 [INFO] OCR debug: corrected text saved to ocr_debug.txt
2026-04-16 09:43:55,809 [INFO] OCR debug: preprocessed first page saved to ocr_debug.png
2026-04-16 09:43:55,810 [INFO] Facility fuzzy-corrected: '800 Bradley Quarry' → '800 Bradiey Quarry'
2026-04-16 09:43:55,811 [WARNING]   OCR confidence FAILED: date not found on header line
2026-04-16 09:43:55,811 [WARNING]   OCR confidence FAILED: 5-digit ticket number not found on header line
2026-04-16 09:43:55,811 [WARNING] OCR confidence check failed (2 check(s) failed). Ticket will be flagged for manual review.
2026-04-16 09:43:55,811 [WARNING]   TICKET FLAGGED FOR REVIEW: 'REVIEW REQUIRED - REVIEW REQUIRED - FW: [Scan] 2026-04-15 16:24'
2026-04-16 09:43:55,811 [WARNING]     - date not found on header line
2026-04-16 09:43:55,811 [WARNING]     - 5-digit ticket number not found on header line
2026-04-16 09:43:55,811 [ERROR] Error logged → 'REVIEW REQUIRED - REVIEW REQUIRED - FW: [Scan] 2026-04-15 16:24': REVIEW REQUIRED: REVIEW REQUIRED - REVIEW REQUIRED - FW: [Scan] 2026-04-15 16:24 - 2026-04-16 09:43:55 - Failed checks: date not found on header line; 5-digit ticket number not found on header line
2026-04-16 09:43:55,812 [INFO]   Sending review-required reply...
2026-04-16 09:43:56,143 [WARNING]   Review reply not sent (will continue): 403 Client Error: Forbidden for url: https://graph.microsoft.com/v1.0/users/help@mjhughes.com/messages/AAMkAGJhMTljYmM4LTk5MmQtNGYzYy1iMjVkLTQxYjIyYmJjYjAwZQBGAAAAAACGS7jncFP_TrzrW1Hz7wysBwCf5kq4dgz5QZHK1WIWgeP-AAAAAAEMAACf5kq4dgz5QZHK1WIWgeP-AAAAACS5AAA=/reply
2026-04-16 09:43:56,144 [INFO]   Flagging email with 'REVIEW REQUIRED' category...
2026-04-16 09:43:56,480 [INFO] Flagged email AAMkAGJhMTljYmM4LTk5MmQtNGYzYy1iMjVkLTQxYjIyYmJjYjAwZQBGAAAAAACGS7jncFP_TrzrW1Hz7wysBwCf5kq4dgz5QZHK1WIWgeP-AAAAAAEMAACf5kq4dgz5QZHK1WIWgeP-AAAAACS5AAA= with category 'REVIEW REQUIRED'.
2026-04-16 09:43:56,480 [INFO]   Renaming email subject...
2026-04-16 09:43:56,896 [INFO] Renamed email AAMkAGJhMTljYmM4LTk5MmQtNGYzYy1iMjVkLTQxYjIyYmJjYjAwZQBGAAAAAACGS7jncFP_TrzrW1Hz7wysBwCf5kq4dgz5QZHK1WIWgeP-AAAAAAEMAACf5kq4dgz5QZHK1WIWgeP-AAAAACS5AAA= subject to: 'REVIEW REQUIRED - REVIEW REQUIRED - REVIEW REQUIRED - FW: [Scan] 2026-04-15 16:24'
2026-04-16 09:43:56,897 [INFO]   Moving email to 'REVIEW REQUIRED' folder...
2026-04-16 09:43:57,756 [INFO] Moved email AAMkAGJhMTljYmM4LTk5MmQtNGYzYy1iMjVkLTQxYjIyYmJjYjAwZQBGAAAAAACGS7jncFP_TrzrW1Hz7wysBwCf5kq4dgz5QZHK1WIWgeP-AAAAAAEMAACf5kq4dgz5QZHK1WIWgeP-AAAAACS5AAA= to 'REVIEW REQUIRED' folder (new id=AAMkAGJhMTljYmM4LTk5MmQtNGYzYy1iMjVkLTQxYjIyYmJjYjAwZQBGAAAAAACGS7jncFP_TrzrW1Hz7wysBwCf5kq4dgz5QZHK1WIWgeP-AAAAAWCJAACf5kq4dgz5QZHK1WIWgeP-AAAAAuxzAAA=).
2026-04-16 09:43:57,756 [INFO]   Marking email as unread in 'REVIEW REQUIRED' folder...
2026-04-16 09:43:59,334 [INFO] Marked email AAMkAGJhMTljYmM4LTk5MmQtNGYzYy1iMjVkLTQxYjIyYmJjYjAwZQBGAAAAAACGS7jncFP_TrzrW1Hz7wysBwCf5kq4dgz5QZHK1WIWgeP-AAAAAWCJAACf5kq4dgz5QZHK1WIWgeP-AAAAAuxzAAA= as unread (flagged for review).
2026-04-16 09:43:59,335 [INFO] =======================================================
2026-04-16 09:43:59,335 [INFO] Complete — success: 1  failed: 0  (failed emails remain unread for retry)
2026-04-16 09:43:59,335 [INFO] =======================================================
2026-04-16 10:57:11,329 [INFO] =======================================================
2026-04-16 10:57:11,329 [INFO] Ticket Processing Automation — starting
2026-04-16 10:57:11,330 [INFO] Run time: 2026-04-16 10:57:11
2026-04-16 10:57:11,330 [INFO] =======================================================
2026-04-16 10:57:11,330 [INFO] Credentials loaded from: C:\Users\dawson.h\Desktop\ticket-to-excel-automation\.env
2026-04-16 10:57:11,330 [INFO] AZURE_TENANT_ID starts with: 'b4ed'
2026-04-16 10:57:11,337 [INFO] Loaded ticket profile: 'Teevin Bros Land & Timber Co., LLC' (teevin_bros.json)
2026-04-16 10:57:11,337 [INFO] Loaded 1 ticket profile(s).
2026-04-16 10:57:11,954 [INFO] Authenticated with Microsoft Graph API.
2026-04-16 10:57:13,418 [INFO] Found 3 unread email(s) with PDF attachments.
2026-04-16 10:57:13,420 [INFO] =======================================================
2026-04-16 10:57:13,420 [INFO] Processing: 'FW: [Scan] 2026-04-16 10:37'
2026-04-16 10:57:13,420 [INFO]   Downloading '2026-04-16 10-37.pdf'...
2026-04-16 10:57:13,977 [INFO]   Rendering PDF pages...
2026-04-16 10:57:14,214 [INFO]   Scanning for QR code...
2026-04-16 10:57:15,537 [ERROR]   FAILED on '2026-04-16 10-37.pdf': No QR code matching XXXX-YYYY-CCCCCC-CC found in PDF.
2026-04-16 10:57:15,537 [ERROR] Error logged → 'FW: [Scan] 2026-04-16 10:37': Attachment '2026-04-16 10-37.pdf': ValueError: No QR code matching XXXX-YYYY-CCCCCC-CC found in PDF.
Traceback (most recent call last):
  File "C:\Users\dawson.h\desktop\ticket-to-excel-automation\ticket_processor.py", line 1581, in process_email
    raise ValueError(
        "No QR code matching XXXX-YYYY-CCCCCC-CC found in PDF."
    )
ValueError: No QR code matching XXXX-YYYY-CCCCCC-CC found in PDF.

2026-04-16 10:57:15,538 [INFO] =======================================================
2026-04-16 10:57:15,538 [INFO] Processing: 'FW: [Scan] 2026-04-16 10:36'
2026-04-16 10:57:15,539 [INFO]   Downloading '2026-04-16 10-36.pdf'...
2026-04-16 10:57:15,992 [INFO]   Rendering PDF pages...
2026-04-16 10:57:16,180 [INFO]   Scanning for QR code...
2026-04-16 10:57:16,395 [INFO]   QR → Job: 2501  Location: 0510  Cost Code: 312323-21
2026-04-16 10:57:16,395 [INFO]   Running OCR...
2026-04-16 10:57:17,750 [INFO]   Detected profile: 'Teevin Bros Land & Timber Co., LLC'
2026-04-16 10:57:17,751 [INFO] OCR debug: corrected text saved to ocr_debug.txt
2026-04-16 10:57:18,070 [INFO] OCR debug: ticket-number crop saved to ocr_debug_topright.png (original coords x=2488-3555, y=0-248)
2026-04-16 10:57:18,208 [INFO] OCR debug: preprocessed first page saved to ocr_debug.png
2026-04-16 10:57:18,210 [INFO] New facility saved to known_facilities.txt: '800 Bradley Quarry eRe My'
2026-04-16 10:57:18,338 [WARNING] OCR: could not extract 'material'.
2026-04-16 10:57:18,339 [INFO]   OCR → Ticket: 17583  Date: 8/19/2025  Facility: 800 Bradley Quarry eRe My  Customer: C0520 MJ Hughes Construction  Net Tons: 17.40
2026-04-16 10:57:18,342 [INFO]   Writing to Excel...
2026-04-16 10:57:18,345 [INFO] Created new tab for cost code: 312323-21
2026-04-16 10:57:18,365 [INFO] Excel: wrote ticket 17583 to tab '312323-21' in materials_log.xlsx.
2026-04-16 10:57:18,365 [INFO]   Renaming email subject...
2026-04-16 10:57:19,126 [INFO] Renamed email AAMkAGJhMTljYmM4LTk5MmQtNGYzYy1iMjVkLTQxYjIyYmJjYjAwZQBGAAAAAACGS7jncFP_TrzrW1Hz7wysBwCf5kq4dgz5QZHK1WIWgeP-AAAAAAEMAACf5kq4dgz5QZHK1WIWgeP-AAAAAAlKAAA= subject to: 'Ticket 17583 -  - 8/19/2025'
2026-04-16 10:57:19,127 [INFO]   Sending confirmation email...
2026-04-16 10:57:19,559 [WARNING]   Confirmation email not sent (will continue): 403 Client Error: Forbidden for url: https://graph.microsoft.com/v1.0/users/help@mjhughes.com/messages/AAMkAGJhMTljYmM4LTk5MmQtNGYzYy1iMjVkLTQxYjIyYmJjYjAwZQBGAAAAAACGS7jncFP_TrzrW1Hz7wysBwCf5kq4dgz5QZHK1WIWgeP-AAAAAAEMAACf5kq4dgz5QZHK1WIWgeP-AAAAAAlKAAA=/reply
2026-04-16 10:57:19,560 [INFO]   Marking email as read...
2026-04-16 10:57:19,978 [INFO] Marked email AAMkAGJhMTljYmM4LTk5MmQtNGYzYy1iMjVkLTQxYjIyYmJjYjAwZQBGAAAAAACGS7jncFP_TrzrW1Hz7wysBwCf5kq4dgz5QZHK1WIWgeP-AAAAAAEMAACf5kq4dgz5QZHK1WIWgeP-AAAAAAlKAAA= as read.
2026-04-16 10:57:19,978 [INFO]   Done: 'FW: [Scan] 2026-04-16 10:36'
2026-04-16 10:57:19,980 [INFO] =======================================================
2026-04-16 10:57:19,980 [INFO] Processing: 'FW: [Scan] 2026-04-16 10:37 1'
2026-04-16 10:57:19,981 [INFO]   Downloading '2026-04-16 10-37 1.pdf'...
2026-04-16 10:57:20,546 [INFO]   Rendering PDF pages...
2026-04-16 10:57:20,753 [INFO]   Scanning for QR code...
2026-04-16 10:57:21,609 [ERROR]   FAILED on '2026-04-16 10-37 1.pdf': No QR code matching XXXX-YYYY-CCCCCC-CC found in PDF.
2026-04-16 10:57:21,610 [ERROR] Error logged → 'FW: [Scan] 2026-04-16 10:37 1': Attachment '2026-04-16 10-37 1.pdf': ValueError: No QR code matching XXXX-YYYY-CCCCCC-CC found in PDF.
Traceback (most recent call last):
  File "C:\Users\dawson.h\desktop\ticket-to-excel-automation\ticket_processor.py", line 1581, in process_email
    raise ValueError(
        "No QR code matching XXXX-YYYY-CCCCCC-CC found in PDF."
    )
ValueError: No QR code matching XXXX-YYYY-CCCCCC-CC found in PDF.

2026-04-16 10:57:21,611 [INFO] =======================================================
2026-04-16 10:57:21,611 [INFO] Complete — success: 1  failed: 2  (failed emails remain unread for retry)
2026-04-16 10:57:21,611 [INFO] =======================================================
2026-04-16 11:06:41,863 [INFO] =======================================================
2026-04-16 11:06:41,864 [INFO] Ticket Processing Automation — starting
2026-04-16 11:06:41,864 [INFO] Run time: 2026-04-16 11:06:41
2026-04-16 11:06:41,864 [INFO] =======================================================
2026-04-16 11:06:41,864 [INFO] Credentials loaded from: C:\Users\dawson.h\Desktop\ticket-to-excel-automation\.env
2026-04-16 11:06:41,864 [INFO] AZURE_TENANT_ID starts with: 'b4ed'
2026-04-16 11:06:41,874 [INFO] Loaded ticket profile: 'Teevin Bros Land & Timber Co., LLC' (teevin_bros.json)
2026-04-16 11:06:41,876 [INFO] Loaded 1 ticket profile(s).
2026-04-16 11:06:42,398 [INFO] Authenticated with Microsoft Graph API.
2026-04-16 11:06:43,959 [INFO] Found 3 unread email(s) with PDF attachments.
2026-04-16 11:06:43,960 [INFO] =======================================================
2026-04-16 11:06:43,960 [INFO] Processing: 'FW: [Scan] 2026-04-16 10:37'
2026-04-16 11:06:43,960 [INFO]   Downloading '2026-04-16 10-37.pdf'...
2026-04-16 11:06:44,411 [INFO]   Rendering PDF pages...
2026-04-16 11:06:44,643 [INFO]   Scanning for QR code...
2026-04-16 11:06:45,603 [ERROR]   FAILED on '2026-04-16 10-37.pdf': No QR code matching XXXX-YYYY-CCCCCC-CC found in PDF.
2026-04-16 11:06:45,603 [ERROR] Error logged → 'FW: [Scan] 2026-04-16 10:37': Attachment '2026-04-16 10-37.pdf': ValueError: No QR code matching XXXX-YYYY-CCCCCC-CC found in PDF.
Traceback (most recent call last):
  File "C:\Users\dawson.h\Desktop\ticket-to-excel-automation\ticket_processor.py", line 1626, in process_email
    raise ValueError(
        "No QR code matching XXXX-YYYY-CCCCCC-CC found in PDF."
    )
ValueError: No QR code matching XXXX-YYYY-CCCCCC-CC found in PDF.

2026-04-16 11:06:45,605 [INFO] =======================================================
2026-04-16 11:06:45,605 [INFO] Processing: 'Ticket 17583 -  - 8/19/2025'
2026-04-16 11:06:45,605 [INFO]   Downloading '2026-04-16 10-36.pdf'...
2026-04-16 11:06:46,148 [INFO]   Rendering PDF pages...
2026-04-16 11:06:46,357 [INFO]   Scanning for QR code...
2026-04-16 11:06:46,579 [INFO]   QR → Job: 2501  Location: 0510  Cost Code: 312323-21
2026-04-16 11:06:46,579 [INFO]   Running OCR...
2026-04-16 11:06:48,065 [INFO]   Detected profile: 'Teevin Bros Land & Timber Co., LLC'
2026-04-16 11:06:48,066 [INFO] OCR debug: corrected text saved to ocr_debug.txt
2026-04-16 11:06:48,408 [INFO] OCR debug: ticket-number crop saved to ocr_debug_topright.png (original coords x=2488-3555, y=0-248)
2026-04-16 11:06:48,563 [INFO] OCR debug: preprocessed first page saved to ocr_debug.png
2026-04-16 11:06:48,684 [WARNING] OCR: could not extract 'material'.
2026-04-16 11:06:48,685 [INFO]   OCR → Ticket: 17583  Date: 8/19/2025  Facility: 800 Bradley Quarry eRe My  Customer: C0520 MJ Hughes Construction  Net Tons: 17.40
2026-04-16 11:06:48,688 [INFO]   Writing to Excel...
2026-04-16 11:06:48,692 [WARNING]   WARNING: Empty field 'Material' for ticket 17583
2026-04-16 11:06:48,692 [ERROR] Error logged → 'ticket 17583': Empty field: Material
2026-04-16 11:06:48,714 [INFO] Excel: wrote ticket 17583 to tab '312323-21' in materials_log.xlsx.
2026-04-16 11:06:48,714 [INFO]   Renaming email subject...
2026-04-16 11:06:49,085 [INFO] Renamed email AAMkAGJhMTljYmM4LTk5MmQtNGYzYy1iMjVkLTQxYjIyYmJjYjAwZQBGAAAAAACGS7jncFP_TrzrW1Hz7wysBwCf5kq4dgz5QZHK1WIWgeP-AAAAAAEMAACf5kq4dgz5QZHK1WIWgeP-AAAAAAlKAAA= subject to: 'Ticket 17583 -  - 8/19/2025'
2026-04-16 11:06:49,086 [INFO]   Sending confirmation email...
2026-04-16 11:06:49,430 [WARNING]   Confirmation email not sent (will continue): 403 Client Error: Forbidden for url: https://graph.microsoft.com/v1.0/users/help@mjhughes.com/messages/AAMkAGJhMTljYmM4LTk5MmQtNGYzYy1iMjVkLTQxYjIyYmJjYjAwZQBGAAAAAACGS7jncFP_TrzrW1Hz7wysBwCf5kq4dgz5QZHK1WIWgeP-AAAAAAEMAACf5kq4dgz5QZHK1WIWgeP-AAAAAAlKAAA=/reply
2026-04-16 11:06:49,432 [INFO]   Marking email as read...
2026-04-16 11:06:49,913 [INFO] Marked email AAMkAGJhMTljYmM4LTk5MmQtNGYzYy1iMjVkLTQxYjIyYmJjYjAwZQBGAAAAAACGS7jncFP_TrzrW1Hz7wysBwCf5kq4dgz5QZHK1WIWgeP-AAAAAAEMAACf5kq4dgz5QZHK1WIWgeP-AAAAAAlKAAA= as read.
2026-04-16 11:06:49,913 [INFO]   Done: 'Ticket 17583 -  - 8/19/2025'
2026-04-16 11:06:49,914 [INFO] =======================================================
2026-04-16 11:06:49,914 [INFO] Processing: 'FW: [Scan] 2026-04-16 10:37 1'
2026-04-16 11:06:49,914 [INFO]   Downloading '2026-04-16 10-37 1.pdf'...
2026-04-16 11:06:50,354 [INFO]   Rendering PDF pages...
2026-04-16 11:06:50,553 [INFO]   Scanning for QR code...
2026-04-16 11:06:51,477 [ERROR]   FAILED on '2026-04-16 10-37 1.pdf': No QR code matching XXXX-YYYY-CCCCCC-CC found in PDF.
2026-04-16 11:06:51,478 [ERROR] Error logged → 'FW: [Scan] 2026-04-16 10:37 1': Attachment '2026-04-16 10-37 1.pdf': ValueError: No QR code matching XXXX-YYYY-CCCCCC-CC found in PDF.
Traceback (most recent call last):
  File "C:\Users\dawson.h\Desktop\ticket-to-excel-automation\ticket_processor.py", line 1626, in process_email
    raise ValueError(
        "No QR code matching XXXX-YYYY-CCCCCC-CC found in PDF."
    )
ValueError: No QR code matching XXXX-YYYY-CCCCCC-CC found in PDF.

2026-04-16 11:06:51,479 [INFO] =======================================================
2026-04-16 11:06:51,479 [INFO] Complete — success: 1  failed: 2  (failed emails remain unread for retry)
2026-04-16 11:06:51,479 [INFO] =======================================================
2026-04-16 11:12:53,870 [INFO] =======================================================
2026-04-16 11:12:53,870 [INFO] Ticket Processing Automation — starting
2026-04-16 11:12:53,870 [INFO] Run time: 2026-04-16 11:12:53
2026-04-16 11:12:53,870 [INFO] =======================================================
2026-04-16 11:12:53,870 [INFO] Credentials loaded from: C:\Users\dawson.h\Desktop\ticket-to-excel-automation\.env
2026-04-16 11:12:53,870 [INFO] AZURE_TENANT_ID starts with: 'b4ed'
2026-04-16 11:12:53,871 [INFO] Loaded ticket profile: 'Teevin Bros Land & Timber Co., LLC' (teevin_bros.json)
2026-04-16 11:12:53,871 [INFO] Loaded 1 ticket profile(s).
2026-04-16 11:12:54,486 [INFO] Authenticated with Microsoft Graph API.
2026-04-16 11:12:55,538 [INFO] Found 2 unread email(s) with PDF attachments.
2026-04-16 11:12:55,540 [INFO] =======================================================
2026-04-16 11:12:55,540 [INFO] Processing: 'FW: [Scan] 2026-04-16 10:37'
2026-04-16 11:12:55,540 [INFO]   Downloading '2026-04-16 10-37.pdf'...
2026-04-16 11:12:56,001 [INFO]   Rendering PDF pages...
2026-04-16 11:12:56,217 [INFO]   Scanning for QR code...
2026-04-16 11:12:56,332 [INFO] QR debug: first page saved to qr_debug.png (size 3761×1654)
2026-04-16 11:12:56,471 [INFO]   QR page 1 | OpenCV: no QR code detected in image
2026-04-16 11:12:57,209 [INFO]   QR page 1 | OCR fallback: pattern not found in OCR text
2026-04-16 11:12:57,210 [WARNING]   QR DETECTION FAILED: 'FW: [Scan] 2026-04-16 10:37' — OpenCV and OCR fallback both returned no match across 1 page(s)
2026-04-16 11:12:57,211 [ERROR]   FAILED on '2026-04-16 10-37.pdf': No QR code matching XXXX-YYYY-CCCCCC-CC found in PDF.
2026-04-16 11:12:57,211 [ERROR] Error logged → 'FW: [Scan] 2026-04-16 10:37': Attachment '2026-04-16 10-37.pdf': ValueError: No QR code matching XXXX-YYYY-CCCCCC-CC found in PDF.
Traceback (most recent call last):
  File "C:\Users\dawson.h\desktop\ticket-to-excel-automation\ticket_processor.py", line 1670, in process_email
    raise ValueError(
        "No QR code matching XXXX-YYYY-CCCCCC-CC found in PDF."
    )
ValueError: No QR code matching XXXX-YYYY-CCCCCC-CC found in PDF.

2026-04-16 11:12:57,213 [INFO] =======================================================
2026-04-16 11:12:57,213 [INFO] Processing: 'FW: [Scan] 2026-04-16 10:37 1'
2026-04-16 11:12:57,213 [INFO]   Downloading '2026-04-16 10-37 1.pdf'...
2026-04-16 11:12:57,762 [INFO]   Rendering PDF pages...
2026-04-16 11:12:57,962 [INFO]   Scanning for QR code...
2026-04-16 11:12:58,076 [INFO] QR debug: first page saved to qr_debug.png (size 3755×1654)
2026-04-16 11:12:58,213 [INFO]   QR page 1 | OpenCV: no QR code detected in image
2026-04-16 11:12:58,973 [INFO]   QR page 1 | OCR fallback: pattern not found in OCR text
2026-04-16 11:12:58,974 [WARNING]   QR DETECTION FAILED: 'FW: [Scan] 2026-04-16 10:37 1' — OpenCV and OCR fallback both returned no match across 1 page(s)
2026-04-16 11:12:58,974 [ERROR]   FAILED on '2026-04-16 10-37 1.pdf': No QR code matching XXXX-YYYY-CCCCCC-CC found in PDF.
2026-04-16 11:12:58,975 [ERROR] Error logged → 'FW: [Scan] 2026-04-16 10:37 1': Attachment '2026-04-16 10-37 1.pdf': ValueError: No QR code matching XXXX-YYYY-CCCCCC-CC found in PDF.
Traceback (most recent call last):
  File "C:\Users\dawson.h\desktop\ticket-to-excel-automation\ticket_processor.py", line 1670, in process_email
    raise ValueError(
        "No QR code matching XXXX-YYYY-CCCCCC-CC found in PDF."
    )
ValueError: No QR code matching XXXX-YYYY-CCCCCC-CC found in PDF.

2026-04-16 11:12:58,976 [INFO] =======================================================
2026-04-16 11:12:58,976 [INFO] Complete — success: 0  failed: 2  (failed emails remain unread for retry)
2026-04-16 11:12:58,976 [INFO] =======================================================
2026-04-16 11:16:40,436 [INFO] =======================================================
2026-04-16 11:16:40,437 [INFO] Ticket Processing Automation — starting
2026-04-16 11:16:40,437 [INFO] Run time: 2026-04-16 11:16:40
2026-04-16 11:16:40,437 [INFO] =======================================================
2026-04-16 11:16:40,437 [INFO] Credentials loaded from: C:\Users\dawson.h\Desktop\ticket-to-excel-automation\.env
2026-04-16 11:16:40,437 [INFO] AZURE_TENANT_ID starts with: 'b4ed'
2026-04-16 11:16:40,438 [INFO] Loaded ticket profile: 'Teevin Bros Land & Timber Co., LLC' (teevin_bros.json)
2026-04-16 11:16:40,438 [INFO] Loaded 1 ticket profile(s).
2026-04-16 11:16:41,032 [INFO] Authenticated with Microsoft Graph API.
2026-04-16 11:16:42,138 [INFO] Found 2 unread email(s) with PDF attachments.
2026-04-16 11:16:42,140 [INFO] =======================================================
2026-04-16 11:16:42,140 [INFO] Processing: 'FW: [Scan] 2026-04-16 10:37'
2026-04-16 11:16:42,140 [INFO]   Downloading '2026-04-16 10-37.pdf'...
2026-04-16 11:16:42,656 [INFO]   Rendering PDF pages...
2026-04-16 11:16:42,881 [INFO]   Scanning for QR code...
2026-04-16 11:16:43,013 [INFO] QR debug: first page saved to qr_debug.png (size 3761×1654)
2026-04-16 11:16:43,013 [INFO]   QR p1 | step 1: full page (3761×1654)
2026-04-16 11:16:43,338 [INFO]   QR p1 | full-page [original]: no QR detected
2026-04-16 11:16:43,459 [INFO]   QR p1 | full-page [grayscale]: no QR detected
2026-04-16 11:16:43,785 [INFO]   QR p1 | full-page [grayscale+2x]: no QR detected
2026-04-16 11:16:43,872 [INFO]   QR p1 | full-page [high-contrast]: no QR detected
2026-04-16 11:16:43,874 [INFO]   QR p1 | step 2: upper-right crop (941×413, box=(2820, 0, 3761, 413))
2026-04-16 11:16:43,898 [INFO]   QR p1 | upper-right [original]: no QR detected
2026-04-16 11:16:43,910 [INFO]   QR p1 | upper-right [grayscale]: no QR detected
2026-04-16 11:16:43,937 [INFO]   QR p1 | upper-right [grayscale+2x]: no QR detected
2026-04-16 11:16:43,948 [INFO]   QR p1 | upper-right [high-contrast]: no QR detected
2026-04-16 11:16:43,950 [INFO]   QR p1 | step 3: right-edge strip (753×1654, box=(3008, 0, 3761, 1654))
2026-04-16 11:16:44,024 [INFO]   QR p1 | right-edge [original]: no QR detected
2026-04-16 11:16:44,057 [INFO]   QR p1 | right-edge [grayscale]: no QR detected
2026-04-16 11:16:44,177 [INFO]   QR p1 | right-edge [grayscale+2x]: no QR detected
2026-04-16 11:16:44,199 [INFO]   QR p1 | right-edge [high-contrast]: no QR detected
2026-04-16 11:16:44,200 [INFO]   QR p1 | step 4: OCR fallback
2026-04-16 11:16:45,015 [INFO]   QR p1 | OCR fallback: pattern not found in OCR text
2026-04-16 11:16:45,015 [WARNING]   QR DETECTION FAILED: 'FW: [Scan] 2026-04-16 10:37' — OpenCV and OCR fallback both returned no match across 1 page(s)
2026-04-16 11:16:45,016 [ERROR]   FAILED on '2026-04-16 10-37.pdf': No QR code matching XXXX-YYYY-CCCCCC-CC found in PDF.
2026-04-16 11:16:45,017 [ERROR] Error logged → 'FW: [Scan] 2026-04-16 10:37': Attachment '2026-04-16 10-37.pdf': ValueError: No QR code matching XXXX-YYYY-CCCCCC-CC found in PDF.
Traceback (most recent call last):
  File "C:\Users\dawson.h\desktop\ticket-to-excel-automation\ticket_processor.py", line 1733, in process_email
    raise ValueError(
        "No QR code matching XXXX-YYYY-CCCCCC-CC found in PDF."
    )
ValueError: No QR code matching XXXX-YYYY-CCCCCC-CC found in PDF.

2026-04-16 11:16:45,018 [INFO] =======================================================
2026-04-16 11:16:45,018 [INFO] Processing: 'FW: [Scan] 2026-04-16 10:37 1'
2026-04-16 11:16:45,018 [INFO]   Downloading '2026-04-16 10-37 1.pdf'...
2026-04-16 11:16:45,616 [INFO]   Rendering PDF pages...
2026-04-16 11:16:45,841 [INFO]   Scanning for QR code...
2026-04-16 11:16:45,971 [INFO] QR debug: first page saved to qr_debug.png (size 3755×1654)
2026-04-16 11:16:45,971 [INFO]   QR p1 | step 1: full page (3755×1654)
2026-04-16 11:16:46,296 [INFO]   QR p1 | full-page [original]: no QR detected
2026-04-16 11:16:46,420 [INFO]   QR p1 | full-page [grayscale]: no QR detected
2026-04-16 11:16:46,805 [INFO]   QR p1 | full-page [grayscale+2x]: no QR detected
2026-04-16 11:16:46,937 [INFO]   QR p1 | full-page [high-contrast]: no QR detected
2026-04-16 11:16:46,940 [INFO]   QR p1 | step 2: upper-right crop (939×413, box=(2816, 0, 3755, 413))
2026-04-16 11:16:46,965 [INFO]   QR p1 | upper-right [original]: no QR detected
2026-04-16 11:16:46,977 [INFO]   QR p1 | upper-right [grayscale]: no QR detected
2026-04-16 11:16:47,003 [INFO]   QR p1 | upper-right [grayscale+2x]: no QR detected
2026-04-16 11:16:47,014 [INFO]   QR p1 | upper-right [high-contrast]: no QR detected
2026-04-16 11:16:47,016 [INFO]   QR p1 | step 3: right-edge strip (751×1654, box=(3004, 0, 3755, 1654))
2026-04-16 11:16:47,092 [INFO]   QR p1 | right-edge [original]: no QR detected
2026-04-16 11:16:47,127 [INFO]   QR p1 | right-edge [grayscale]: no QR detected
2026-04-16 11:16:47,239 [INFO]   QR p1 | right-edge [grayscale+2x]: no QR detected
2026-04-16 11:16:47,275 [INFO]   QR p1 | right-edge [high-contrast]: no QR detected
2026-04-16 11:16:47,276 [INFO]   QR p1 | step 4: OCR fallback
2026-04-16 11:16:48,075 [INFO]   QR p1 | OCR fallback: pattern not found in OCR text
2026-04-16 11:16:48,076 [WARNING]   QR DETECTION FAILED: 'FW: [Scan] 2026-04-16 10:37 1' — OpenCV and OCR fallback both returned no match across 1 page(s)
2026-04-16 11:16:48,076 [ERROR]   FAILED on '2026-04-16 10-37 1.pdf': No QR code matching XXXX-YYYY-CCCCCC-CC found in PDF.
2026-04-16 11:16:48,076 [ERROR] Error logged → 'FW: [Scan] 2026-04-16 10:37 1': Attachment '2026-04-16 10-37 1.pdf': ValueError: No QR code matching XXXX-YYYY-CCCCCC-CC found in PDF.
Traceback (most recent call last):
  File "C:\Users\dawson.h\desktop\ticket-to-excel-automation\ticket_processor.py", line 1733, in process_email
    raise ValueError(
        "No QR code matching XXXX-YYYY-CCCCCC-CC found in PDF."
    )
ValueError: No QR code matching XXXX-YYYY-CCCCCC-CC found in PDF.

2026-04-16 11:16:48,077 [INFO] =======================================================
2026-04-16 11:16:48,078 [INFO] Complete — success: 0  failed: 2  (failed emails remain unread for retry)
2026-04-16 11:16:48,078 [INFO] =======================================================
2026-04-16 11:19:27,973 [INFO] =======================================================
2026-04-16 11:19:27,973 [INFO] Ticket Processing Automation — starting
2026-04-16 11:19:27,973 [INFO] Run time: 2026-04-16 11:19:27
2026-04-16 11:19:27,973 [INFO] =======================================================
2026-04-16 11:19:27,974 [INFO] Credentials loaded from: C:\Users\dawson.h\Desktop\ticket-to-excel-automation\.env
2026-04-16 11:19:27,974 [INFO] AZURE_TENANT_ID starts with: 'b4ed'
2026-04-16 11:19:27,974 [INFO] Loaded ticket profile: 'Teevin Bros Land & Timber Co., LLC' (teevin_bros.json)
2026-04-16 11:19:27,974 [INFO] Loaded 1 ticket profile(s).
2026-04-16 11:19:28,775 [INFO] Authenticated with Microsoft Graph API.
2026-04-16 11:19:29,890 [INFO] Found 2 unread email(s) with PDF attachments.
2026-04-16 11:19:29,892 [INFO] =======================================================
2026-04-16 11:19:29,892 [INFO] Processing: 'FW: [Scan] 2026-04-16 10:37'
2026-04-16 11:19:29,892 [INFO]   Downloading '2026-04-16 10-37.pdf'...
2026-04-16 11:19:30,353 [INFO]   Rendering PDF pages...
2026-04-16 11:19:30,583 [INFO]   Scanning for QR code...
2026-04-16 11:19:30,716 [INFO] QR debug: first page saved to qr_debug.png (size 3761×1654)
2026-04-16 11:19:30,716 [INFO]   QR p1 | step 1: full page (3761×1654)
2026-04-16 11:19:30,838 [INFO]   QR p1 | full-page [original]: found '2501-0510-312323-21'
2026-04-16 11:19:30,838 [INFO]   QR p1 | full-page [original]: MATCH '2501-0510-312323-21'
2026-04-16 11:19:30,839 [INFO]   QR → Job: 2501  Location: 0510  Cost Code: 312323-21
2026-04-16 11:19:30,839 [INFO]   Running OCR...
2026-04-16 11:19:32,422 [INFO]   Detected profile: 'Teevin Bros Land & Timber Co., LLC'
2026-04-16 11:19:32,422 [INFO] OCR debug: corrected text saved to ocr_debug.txt
2026-04-16 11:19:32,810 [INFO] OCR debug: ticket-number crop saved to ocr_debug_topright.png (original coords x=2632-3761, y=0-248)
2026-04-16 11:19:32,980 [INFO] OCR debug: preprocessed first page saved to ocr_debug.png
2026-04-16 11:19:32,981 [INFO] Facility fuzzy-corrected: '800 Bradley Quarry - Sree a?' → '800 Bradley Quarry eRe My'
2026-04-16 11:19:32,981 [WARNING]   OCR confidence FAILED: 5-digit ticket number not found on header line
2026-04-16 11:19:32,981 [WARNING] OCR confidence check failed (1 check(s) failed). Ticket will be flagged for manual review.
2026-04-16 11:19:32,982 [WARNING]   TICKET FLAGGED FOR REVIEW: 'FW: [Scan] 2026-04-16 10:37'
2026-04-16 11:19:32,983 [WARNING]     - 5-digit ticket number not found on header line
2026-04-16 11:19:32,983 [ERROR] Error logged → 'FW: [Scan] 2026-04-16 10:37': REVIEW REQUIRED: FW: [Scan] 2026-04-16 10:37 - 2026-04-16 11:19:32 - Failed checks: 5-digit ticket number not found on header line
2026-04-16 11:19:32,983 [INFO]   Sending review-required reply...
2026-04-16 11:19:33,382 [WARNING]   Review reply not sent (will continue): 403 Client Error: Forbidden for url: https://graph.microsoft.com/v1.0/users/help@mjhughes.com/messages/AAMkAGJhMTljYmM4LTk5MmQtNGYzYy1iMjVkLTQxYjIyYmJjYjAwZQBGAAAAAACGS7jncFP_TrzrW1Hz7wysBwCf5kq4dgz5QZHK1WIWgeP-AAAAAAEMAACf5kq4dgz5QZHK1WIWgeP-AAAAAAlJAAA=/reply
2026-04-16 11:19:33,384 [INFO]   Flagging email with 'REVIEW REQUIRED' category...
2026-04-16 11:19:33,837 [INFO] Flagged email AAMkAGJhMTljYmM4LTk5MmQtNGYzYy1iMjVkLTQxYjIyYmJjYjAwZQBGAAAAAACGS7jncFP_TrzrW1Hz7wysBwCf5kq4dgz5QZHK1WIWgeP-AAAAAAEMAACf5kq4dgz5QZHK1WIWgeP-AAAAAAlJAAA= with category 'REVIEW REQUIRED'.
2026-04-16 11:19:33,837 [INFO]   Renaming email subject...
2026-04-16 11:19:35,784 [INFO] Renamed email AAMkAGJhMTljYmM4LTk5MmQtNGYzYy1iMjVkLTQxYjIyYmJjYjAwZQBGAAAAAACGS7jncFP_TrzrW1Hz7wysBwCf5kq4dgz5QZHK1WIWgeP-AAAAAAEMAACf5kq4dgz5QZHK1WIWgeP-AAAAAAlJAAA= subject to: 'REVIEW REQUIRED - FW: [Scan] 2026-04-16 10:37'
2026-04-16 11:19:35,785 [INFO]   Moving email to 'REVIEW REQUIRED' folder...
2026-04-16 11:19:36,595 [INFO] Moved email AAMkAGJhMTljYmM4LTk5MmQtNGYzYy1iMjVkLTQxYjIyYmJjYjAwZQBGAAAAAACGS7jncFP_TrzrW1Hz7wysBwCf5kq4dgz5QZHK1WIWgeP-AAAAAAEMAACf5kq4dgz5QZHK1WIWgeP-AAAAAAlJAAA= to 'REVIEW REQUIRED' folder (new id=AAMkAGJhMTljYmM4LTk5MmQtNGYzYy1iMjVkLTQxYjIyYmJjYjAwZQBGAAAAAACGS7jncFP_TrzrW1Hz7wysBwCf5kq4dgz5QZHK1WIWgeP-AAAAAWCJAACf5kq4dgz5QZHK1WIWgeP-AAAAAux0AAA=).
2026-04-16 11:19:36,595 [INFO]   Marking email as unread in 'REVIEW REQUIRED' folder...
2026-04-16 11:19:37,024 [INFO] Marked email AAMkAGJhMTljYmM4LTk5MmQtNGYzYy1iMjVkLTQxYjIyYmJjYjAwZQBGAAAAAACGS7jncFP_TrzrW1Hz7wysBwCf5kq4dgz5QZHK1WIWgeP-AAAAAWCJAACf5kq4dgz5QZHK1WIWgeP-AAAAAux0AAA= as unread (flagged for review).
2026-04-16 11:19:37,027 [INFO] =======================================================
2026-04-16 11:19:37,027 [INFO] Processing: 'FW: [Scan] 2026-04-16 10:37 1'
2026-04-16 11:19:37,027 [INFO]   Downloading '2026-04-16 10-37 1.pdf'...
2026-04-16 11:19:37,524 [INFO]   Rendering PDF pages...
2026-04-16 11:19:37,751 [INFO]   Scanning for QR code...
2026-04-16 11:19:37,887 [INFO] QR debug: first page saved to qr_debug.png (size 3755×1654)
2026-04-16 11:19:37,887 [INFO]   QR p1 | step 1: full page (3755×1654)
2026-04-16 11:19:38,007 [INFO]   QR p1 | full-page [original]: found '2501-0510-312323-21'
2026-04-16 11:19:38,007 [INFO]   QR p1 | full-page [original]: MATCH '2501-0510-312323-21'
2026-04-16 11:19:38,008 [INFO]   QR → Job: 2501  Location: 0510  Cost Code: 312323-21
2026-04-16 11:19:38,008 [INFO]   Running OCR...
2026-04-16 11:19:39,591 [INFO]   Detected profile: 'Teevin Bros Land & Timber Co., LLC'
2026-04-16 11:19:39,592 [INFO] OCR debug: corrected text saved to ocr_debug.txt
2026-04-16 11:19:39,968 [INFO] OCR debug: ticket-number crop saved to ocr_debug_topright.png (original coords x=2628-3755, y=0-248)
2026-04-16 11:19:40,128 [INFO] OCR debug: preprocessed first page saved to ocr_debug.png
2026-04-16 11:19:40,130 [INFO] New facility saved to known_facilities.txt: '800 Bradley Quarry | Ar ?'
2026-04-16 11:19:40,130 [WARNING]   OCR confidence FAILED: material/product label not found (expected one of: ['Product:', 'Product'])
2026-04-16 11:19:40,130 [WARNING] OCR confidence check failed (1 check(s) failed). Ticket will be flagged for manual review.
2026-04-16 11:19:40,133 [WARNING]   TICKET FLAGGED FOR REVIEW: 'FW: [Scan] 2026-04-16 10:37 1'
2026-04-16 11:19:40,133 [WARNING]     - material/product label not found (expected one of: ['Product:', 'Product'])
2026-04-16 11:19:40,133 [ERROR] Error logged → 'FW: [Scan] 2026-04-16 10:37 1': REVIEW REQUIRED: FW: [Scan] 2026-04-16 10:37 1 - 2026-04-16 11:19:40 - Failed checks: material/product label not found (expected one of: ['Product:', 'Product'])
2026-04-16 11:19:40,133 [INFO]   Sending review-required reply...
2026-04-16 11:19:40,504 [WARNING]   Review reply not sent (will continue): 403 Client Error: Forbidden for url: https://graph.microsoft.com/v1.0/users/help@mjhughes.com/messages/AAMkAGJhMTljYmM4LTk5MmQtNGYzYy1iMjVkLTQxYjIyYmJjYjAwZQBGAAAAAACGS7jncFP_TrzrW1Hz7wysBwCf5kq4dgz5QZHK1WIWgeP-AAAAAAEMAACf5kq4dgz5QZHK1WIWgeP-AAAAAAlLAAA=/reply
2026-04-16 11:19:40,506 [INFO]   Flagging email with 'REVIEW REQUIRED' category...
2026-04-16 11:19:41,380 [INFO] Flagged email AAMkAGJhMTljYmM4LTk5MmQtNGYzYy1iMjVkLTQxYjIyYmJjYjAwZQBGAAAAAACGS7jncFP_TrzrW1Hz7wysBwCf5kq4dgz5QZHK1WIWgeP-AAAAAAEMAACf5kq4dgz5QZHK1WIWgeP-AAAAAAlLAAA= with category 'REVIEW REQUIRED'.
2026-04-16 11:19:41,380 [INFO]   Renaming email subject...
2026-04-16 11:19:41,806 [INFO] Renamed email AAMkAGJhMTljYmM4LTk5MmQtNGYzYy1iMjVkLTQxYjIyYmJjYjAwZQBGAAAAAACGS7jncFP_TrzrW1Hz7wysBwCf5kq4dgz5QZHK1WIWgeP-AAAAAAEMAACf5kq4dgz5QZHK1WIWgeP-AAAAAAlLAAA= subject to: 'REVIEW REQUIRED - FW: [Scan] 2026-04-16 10:37 1'
2026-04-16 11:19:41,807 [INFO]   Moving email to 'REVIEW REQUIRED' folder...
2026-04-16 11:19:42,594 [INFO] Moved email AAMkAGJhMTljYmM4LTk5MmQtNGYzYy1iMjVkLTQxYjIyYmJjYjAwZQBGAAAAAACGS7jncFP_TrzrW1Hz7wysBwCf5kq4dgz5QZHK1WIWgeP-AAAAAAEMAACf5kq4dgz5QZHK1WIWgeP-AAAAAAlLAAA= to 'REVIEW REQUIRED' folder (new id=AAMkAGJhMTljYmM4LTk5MmQtNGYzYy1iMjVkLTQxYjIyYmJjYjAwZQBGAAAAAACGS7jncFP_TrzrW1Hz7wysBwCf5kq4dgz5QZHK1WIWgeP-AAAAAWCJAACf5kq4dgz5QZHK1WIWgeP-AAAAAux1AAA=).
2026-04-16 11:19:42,594 [INFO]   Marking email as unread in 'REVIEW REQUIRED' folder...
2026-04-16 11:19:42,996 [INFO] Marked email AAMkAGJhMTljYmM4LTk5MmQtNGYzYy1iMjVkLTQxYjIyYmJjYjAwZQBGAAAAAACGS7jncFP_TrzrW1Hz7wysBwCf5kq4dgz5QZHK1WIWgeP-AAAAAWCJAACf5kq4dgz5QZHK1WIWgeP-AAAAAux1AAA= as unread (flagged for review).
2026-04-16 11:19:42,998 [INFO] =======================================================
2026-04-16 11:19:42,999 [INFO] Complete — success: 2  failed: 0  (failed emails remain unread for retry)
2026-04-16 11:19:42,999 [INFO] =======================================================
2026-04-16 11:25:56,628 [INFO] =======================================================
2026-04-16 11:25:56,629 [INFO] Ticket Processing Automation — starting
2026-04-16 11:25:56,629 [INFO] Run time: 2026-04-16 11:25:56
2026-04-16 11:25:56,629 [INFO] =======================================================
2026-04-16 11:25:56,629 [INFO] Credentials loaded from: C:\Users\dawson.h\Desktop\ticket-to-excel-automation\.env
2026-04-16 11:25:56,629 [INFO] AZURE_TENANT_ID starts with: 'b4ed'
2026-04-16 11:25:56,636 [INFO] Loaded ticket profile: 'Teevin Bros Land & Timber Co., LLC' (teevin_bros.json)
2026-04-16 11:25:56,637 [INFO] Loaded 1 ticket profile(s).
2026-04-16 11:25:57,425 [INFO] Authenticated with Microsoft Graph API.
2026-04-16 11:25:58,567 [INFO] Found 2 unread email(s) with PDF attachments.
2026-04-16 11:25:58,568 [INFO] =======================================================
2026-04-16 11:25:58,568 [INFO] Processing: 'REVIEW REQUIRED - FW: [Scan] 2026-04-16 10:37'
2026-04-16 11:25:58,569 [INFO]   Downloading '2026-04-16 10-37.pdf'...
2026-04-16 11:25:59,020 [INFO]   Rendering PDF pages...
2026-04-16 11:25:59,255 [INFO]   Scanning for QR code...
2026-04-16 11:25:59,385 [INFO] QR debug: first page saved to qr_debug.png (size 3761×1654)
2026-04-16 11:25:59,386 [INFO]   QR p1 | step 1: full page (3761×1654)
2026-04-16 11:25:59,503 [INFO]   QR p1 | full-page [original]: found '2501-0510-312323-21'
2026-04-16 11:25:59,503 [INFO]   QR p1 | full-page [original]: MATCH '2501-0510-312323-21'
2026-04-16 11:25:59,504 [INFO]   QR → Job: 2501  Location: 0510  Cost Code: 312323-21
2026-04-16 11:25:59,504 [INFO]   Running OCR...
2026-04-16 11:26:01,072 [INFO]   Detected profile: 'Teevin Bros Land & Timber Co., LLC'
2026-04-16 11:26:01,073 [INFO] OCR debug: corrected text saved to ocr_debug.txt
2026-04-16 11:26:01,451 [INFO] OCR debug: ticket-number crop saved to ocr_debug_topright.png (original coords x=2632-3761, y=0-248)
2026-04-16 11:26:01,622 [INFO] OCR debug: preprocessed first page saved to ocr_debug.png
2026-04-16 11:26:01,779 [INFO] Facility fuzzy-corrected: '800 Bradley Quarry - Sree a?' → '800 Bradley Quarry | Ar ?'
2026-04-16 11:26:01,779 [WARNING]   OCR confidence FAILED: 5-digit ticket number not found on header line or upper-right region
2026-04-16 11:26:01,779 [WARNING] OCR confidence check failed (1 check(s) failed). Ticket will be flagged for manual review.
2026-04-16 11:26:01,780 [WARNING]   TICKET FLAGGED FOR REVIEW: 'REVIEW REQUIRED - FW: [Scan] 2026-04-16 10:37'
2026-04-16 11:26:01,780 [WARNING]     - 5-digit ticket number not found on header line or upper-right region
2026-04-16 11:26:01,781 [ERROR] Error logged → 'REVIEW REQUIRED - FW: [Scan] 2026-04-16 10:37': REVIEW REQUIRED: REVIEW REQUIRED - FW: [Scan] 2026-04-16 10:37 - 2026-04-16 11:26:01 - Failed checks: 5-digit ticket number not found on header line or upper-right region
2026-04-16 11:26:01,781 [INFO]   Sending review-required reply...
2026-04-16 11:26:02,158 [WARNING]   Review reply not sent (will continue): 403 Client Error: Forbidden for url: https://graph.microsoft.com/v1.0/users/help@mjhughes.com/sendMail
2026-04-16 11:26:02,160 [INFO]   Flagging email with 'REVIEW REQUIRED' category...
2026-04-16 11:26:02,535 [INFO] Flagged email AAMkAGJhMTljYmM4LTk5MmQtNGYzYy1iMjVkLTQxYjIyYmJjYjAwZQBGAAAAAACGS7jncFP_TrzrW1Hz7wysBwCf5kq4dgz5QZHK1WIWgeP-AAAAAAEMAACf5kq4dgz5QZHK1WIWgeP-AAAAACS7AAA= with category 'REVIEW REQUIRED'.
2026-04-16 11:26:02,535 [INFO]   Renaming email subject...
2026-04-16 11:26:06,459 [INFO] Renamed email AAMkAGJhMTljYmM4LTk5MmQtNGYzYy1iMjVkLTQxYjIyYmJjYjAwZQBGAAAAAACGS7jncFP_TrzrW1Hz7wysBwCf5kq4dgz5QZHK1WIWgeP-AAAAAAEMAACf5kq4dgz5QZHK1WIWgeP-AAAAACS7AAA= subject to: 'REVIEW REQUIRED - REVIEW REQUIRED - FW: [Scan] 2026-04-16 10:37'
2026-04-16 11:26:06,460 [INFO]   Moving email to 'REVIEW REQUIRED' folder...
2026-04-16 11:26:07,227 [INFO] Moved email AAMkAGJhMTljYmM4LTk5MmQtNGYzYy1iMjVkLTQxYjIyYmJjYjAwZQBGAAAAAACGS7jncFP_TrzrW1Hz7wysBwCf5kq4dgz5QZHK1WIWgeP-AAAAAAEMAACf5kq4dgz5QZHK1WIWgeP-AAAAACS7AAA= to 'REVIEW REQUIRED' folder (new id=AAMkAGJhMTljYmM4LTk5MmQtNGYzYy1iMjVkLTQxYjIyYmJjYjAwZQBGAAAAAACGS7jncFP_TrzrW1Hz7wysBwCf5kq4dgz5QZHK1WIWgeP-AAAAAWCJAACf5kq4dgz5QZHK1WIWgeP-AAAAAux2AAA=).
2026-04-16 11:26:07,227 [INFO]   Marking email as unread in 'REVIEW REQUIRED' folder...
2026-04-16 11:26:07,916 [INFO] Marked email AAMkAGJhMTljYmM4LTk5MmQtNGYzYy1iMjVkLTQxYjIyYmJjYjAwZQBGAAAAAACGS7jncFP_TrzrW1Hz7wysBwCf5kq4dgz5QZHK1WIWgeP-AAAAAWCJAACf5kq4dgz5QZHK1WIWgeP-AAAAAux2AAA= as unread (flagged for review).
2026-04-16 11:26:07,919 [INFO] =======================================================
2026-04-16 11:26:07,919 [INFO] Processing: 'REVIEW REQUIRED - FW: [Scan] 2026-04-16 10:37 1'
2026-04-16 11:26:07,919 [INFO]   Downloading '2026-04-16 10-37 1.pdf'...
2026-04-16 11:26:08,387 [INFO]   Rendering PDF pages...
2026-04-16 11:26:08,609 [INFO]   Scanning for QR code...
2026-04-16 11:26:08,735 [INFO] QR debug: first page saved to qr_debug.png (size 3755×1654)
2026-04-16 11:26:08,736 [INFO]   QR p1 | step 1: full page (3755×1654)
2026-04-16 11:26:08,852 [INFO]   QR p1 | full-page [original]: found '2501-0510-312323-21'
2026-04-16 11:26:08,852 [INFO]   QR p1 | full-page [original]: MATCH '2501-0510-312323-21'
2026-04-16 11:26:08,853 [INFO]   QR → Job: 2501  Location: 0510  Cost Code: 312323-21
2026-04-16 11:26:08,853 [INFO]   Running OCR...
2026-04-16 11:26:10,369 [INFO]   Detected profile: 'Teevin Bros Land & Timber Co., LLC'
2026-04-16 11:26:10,369 [INFO] OCR debug: corrected text saved to ocr_debug.txt
2026-04-16 11:26:10,747 [INFO] OCR debug: ticket-number crop saved to ocr_debug_topright.png (original coords x=2628-3755, y=0-248)
2026-04-16 11:26:10,909 [INFO] OCR debug: preprocessed first page saved to ocr_debug.png
2026-04-16 11:26:10,910 [WARNING]   OCR confidence FAILED: material/product label not found (expected one of: ['Product:', 'Product.', 'Product :', 'Product', 'product:', 'product.', 'PRODUCT', 'Prod:', 'Prod.', 'prod'])
2026-04-16 11:26:10,911 [WARNING] OCR confidence check failed (1 check(s) failed). Ticket will be flagged for manual review.
2026-04-16 11:26:10,913 [WARNING]   TICKET FLAGGED FOR REVIEW: 'REVIEW REQUIRED - FW: [Scan] 2026-04-16 10:37 1'
2026-04-16 11:26:10,913 [WARNING]     - material/product label not found (expected one of: ['Product:', 'Product.', 'Product :', 'Product', 'product:', 'product.', 'PRODUCT', 'Prod:', 'Prod.', 'prod'])
2026-04-16 11:26:10,913 [ERROR] Error logged → 'REVIEW REQUIRED - FW: [Scan] 2026-04-16 10:37 1': REVIEW REQUIRED: REVIEW REQUIRED - FW: [Scan] 2026-04-16 10:37 1 - 2026-04-16 11:26:10 - Failed checks: material/product label not found (expected one of: ['Product:', 'Product.', 'Product :', 'Product', 'product:', 'product.', 'PRODUCT', 'Prod:', 'Prod.', 'prod'])
2026-04-16 11:26:10,913 [INFO]   Sending review-required reply...
2026-04-16 11:26:11,253 [WARNING]   Review reply not sent (will continue): 403 Client Error: Forbidden for url: https://graph.microsoft.com/v1.0/users/help@mjhughes.com/sendMail
2026-04-16 11:26:11,254 [INFO]   Flagging email with 'REVIEW REQUIRED' category...
2026-04-16 11:26:11,615 [INFO] Flagged email AAMkAGJhMTljYmM4LTk5MmQtNGYzYy1iMjVkLTQxYjIyYmJjYjAwZQBGAAAAAACGS7jncFP_TrzrW1Hz7wysBwCf5kq4dgz5QZHK1WIWgeP-AAAAAAEMAACf5kq4dgz5QZHK1WIWgeP-AAAAACS8AAA= with category 'REVIEW REQUIRED'.
2026-04-16 11:26:11,616 [INFO]   Renaming email subject...
2026-04-16 11:26:15,535 [INFO] Renamed email AAMkAGJhMTljYmM4LTk5MmQtNGYzYy1iMjVkLTQxYjIyYmJjYjAwZQBGAAAAAACGS7jncFP_TrzrW1Hz7wysBwCf5kq4dgz5QZHK1WIWgeP-AAAAAAEMAACf5kq4dgz5QZHK1WIWgeP-AAAAACS8AAA= subject to: 'REVIEW REQUIRED - REVIEW REQUIRED - FW: [Scan] 2026-04-16 10:37 1'
2026-04-16 11:26:15,536 [INFO]   Moving email to 'REVIEW REQUIRED' folder...
2026-04-16 11:26:16,305 [INFO] Moved email AAMkAGJhMTljYmM4LTk5MmQtNGYzYy1iMjVkLTQxYjIyYmJjYjAwZQBGAAAAAACGS7jncFP_TrzrW1Hz7wysBwCf5kq4dgz5QZHK1WIWgeP-AAAAAAEMAACf5kq4dgz5QZHK1WIWgeP-AAAAACS8AAA= to 'REVIEW REQUIRED' folder (new id=AAMkAGJhMTljYmM4LTk5MmQtNGYzYy1iMjVkLTQxYjIyYmJjYjAwZQBGAAAAAACGS7jncFP_TrzrW1Hz7wysBwCf5kq4dgz5QZHK1WIWgeP-AAAAAWCJAACf5kq4dgz5QZHK1WIWgeP-AAAAAux3AAA=).
2026-04-16 11:26:16,306 [INFO]   Marking email as unread in 'REVIEW REQUIRED' folder...
2026-04-16 11:26:16,709 [INFO] Marked email AAMkAGJhMTljYmM4LTk5MmQtNGYzYy1iMjVkLTQxYjIyYmJjYjAwZQBGAAAAAACGS7jncFP_TrzrW1Hz7wysBwCf5kq4dgz5QZHK1WIWgeP-AAAAAWCJAACf5kq4dgz5QZHK1WIWgeP-AAAAAux3AAA= as unread (flagged for review).
2026-04-16 11:26:16,711 [INFO] =======================================================
2026-04-16 11:26:16,711 [INFO] Complete — success: 2  failed: 0  (failed emails remain unread for retry)
2026-04-16 11:26:16,712 [INFO] =======================================================
2026-04-16 11:29:07,281 [INFO] =======================================================
2026-04-16 11:29:07,282 [INFO] Ticket Processing Automation — starting
2026-04-16 11:29:07,282 [INFO] Run time: 2026-04-16 11:29:07
2026-04-16 11:29:07,282 [INFO] =======================================================
2026-04-16 11:29:07,282 [INFO] Credentials loaded from: C:\Users\dawson.h\Desktop\ticket-to-excel-automation\.env
2026-04-16 11:29:07,282 [INFO] AZURE_TENANT_ID starts with: 'b4ed'
2026-04-16 11:29:07,283 [INFO] Loaded ticket profile: 'Teevin Bros Land & Timber Co., LLC' (teevin_bros.json)
2026-04-16 11:29:07,283 [INFO] Loaded 1 ticket profile(s).
2026-04-16 11:29:07,834 [INFO] Authenticated with Microsoft Graph API.
2026-04-16 11:29:08,913 [INFO] Found 2 unread email(s) with PDF attachments.
2026-04-16 11:29:08,915 [INFO] =======================================================
2026-04-16 11:29:08,915 [INFO] Processing: 'REVIEW REQUIRED - REVIEW REQUIRED - FW: [Scan] 2026-04-16 10:37'
2026-04-16 11:29:08,915 [INFO]   Downloading '2026-04-16 10-37.pdf'...
2026-04-16 11:29:09,394 [INFO]   Rendering PDF pages...
2026-04-16 11:29:09,643 [INFO]   Scanning for QR code...
2026-04-16 11:29:09,770 [INFO] QR debug: first page saved to qr_debug.png (size 3761×1654)
2026-04-16 11:29:09,770 [INFO]   QR p1 | step 1: full page (3761×1654)
2026-04-16 11:29:09,894 [INFO]   QR p1 | full-page [original]: found '2501-0510-312323-21'
2026-04-16 11:29:09,894 [INFO]   QR p1 | full-page [original]: MATCH '2501-0510-312323-21'
2026-04-16 11:29:09,895 [INFO]   QR → Job: 2501  Location: 0510  Cost Code: 312323-21
2026-04-16 11:29:09,895 [INFO]   Running OCR...
2026-04-16 11:29:11,488 [INFO]   Detected profile: 'Teevin Bros Land & Timber Co., LLC'
2026-04-16 11:29:11,489 [INFO] OCR debug: corrected text saved to ocr_debug.txt
2026-04-16 11:29:11,904 [INFO] OCR debug: ticket-number crop saved to ocr_debug_topright.png (original coords x=2632-3761, y=0-248)
2026-04-16 11:29:12,111 [INFO] OCR debug: preprocessed first page saved to ocr_debug.png
2026-04-16 11:29:12,290 [INFO]   Upper-right crop OCR raw: ''  (crop box: 2632,0–3761,248)
2026-04-16 11:29:12,295 [INFO]   Saved ocr_debug_topright.png and ocr_debug_topright.txt
2026-04-16 11:29:12,297 [INFO] Facility fuzzy-corrected: '800 Bradley Quarry - Sree a?' → '800 Bradley Quarry | Ar ?'
2026-04-16 11:29:12,297 [WARNING]   OCR confidence FAILED: 5-digit ticket number not found on header line or upper-right region
2026-04-16 11:29:12,297 [WARNING] OCR confidence check failed (1 check(s) failed). Ticket will be flagged for manual review.
2026-04-16 11:29:12,299 [WARNING]   TICKET FLAGGED FOR REVIEW: 'REVIEW REQUIRED - REVIEW REQUIRED - FW: [Scan] 2026-04-16 10:37'
2026-04-16 11:29:12,299 [WARNING]     - 5-digit ticket number not found on header line or upper-right region
2026-04-16 11:29:12,300 [ERROR] Error logged → 'REVIEW REQUIRED - REVIEW REQUIRED - FW: [Scan] 2026-04-16 10:37': REVIEW REQUIRED: REVIEW REQUIRED - REVIEW REQUIRED - FW: [Scan] 2026-04-16 10:37 - 2026-04-16 11:29:12 - Failed checks: 5-digit ticket number not found on header line or upper-right region
2026-04-16 11:29:12,300 [INFO]   Sending review-required reply...
2026-04-16 11:29:12,665 [WARNING]   Review reply not sent (will continue): 403 Client Error: Forbidden for url: https://graph.microsoft.com/v1.0/users/help@mjhughes.com/sendMail
2026-04-16 11:29:12,667 [INFO]   Flagging email with 'REVIEW REQUIRED' category...
2026-04-16 11:29:13,043 [INFO] Flagged email AAMkAGJhMTljYmM4LTk5MmQtNGYzYy1iMjVkLTQxYjIyYmJjYjAwZQBGAAAAAACGS7jncFP_TrzrW1Hz7wysBwCf5kq4dgz5QZHK1WIWgeP-AAAAAAEMAACf5kq4dgz5QZHK1WIWgeP-AAAAACS_AAA= with category 'REVIEW REQUIRED'.
2026-04-16 11:29:13,044 [INFO]   Renaming email subject...
2026-04-16 11:29:13,044 [WARNING]   Skipping rename — subject already starts with 'REVIEW REQUIRED': 'REVIEW REQUIRED - REVIEW REQUIRED - FW: [Scan] 2026-04-16 10:37'
2026-04-16 11:29:13,044 [INFO]   Moving email to 'REVIEW REQUIRED' folder...
2026-04-16 11:29:13,823 [INFO] Moved email AAMkAGJhMTljYmM4LTk5MmQtNGYzYy1iMjVkLTQxYjIyYmJjYjAwZQBGAAAAAACGS7jncFP_TrzrW1Hz7wysBwCf5kq4dgz5QZHK1WIWgeP-AAAAAAEMAACf5kq4dgz5QZHK1WIWgeP-AAAAACS_AAA= to 'REVIEW REQUIRED' folder (new id=AAMkAGJhMTljYmM4LTk5MmQtNGYzYy1iMjVkLTQxYjIyYmJjYjAwZQBGAAAAAACGS7jncFP_TrzrW1Hz7wysBwCf5kq4dgz5QZHK1WIWgeP-AAAAAWCJAACf5kq4dgz5QZHK1WIWgeP-AAAAAux4AAA=).
2026-04-16 11:29:13,823 [INFO]   Marking email as unread in 'REVIEW REQUIRED' folder...
2026-04-16 11:29:14,456 [INFO] Marked email AAMkAGJhMTljYmM4LTk5MmQtNGYzYy1iMjVkLTQxYjIyYmJjYjAwZQBGAAAAAACGS7jncFP_TrzrW1Hz7wysBwCf5kq4dgz5QZHK1WIWgeP-AAAAAWCJAACf5kq4dgz5QZHK1WIWgeP-AAAAAux4AAA= as unread (flagged for review).
2026-04-16 11:29:14,458 [INFO] =======================================================
2026-04-16 11:29:14,459 [INFO] Processing: 'REVIEW REQUIRED - REVIEW REQUIRED - FW: [Scan] 2026-04-16 10:37 1'
2026-04-16 11:29:14,459 [INFO]   Downloading '2026-04-16 10-37 1.pdf'...
2026-04-16 11:29:14,962 [INFO]   Rendering PDF pages...
2026-04-16 11:29:15,182 [INFO]   Scanning for QR code...
2026-04-16 11:29:15,336 [INFO] QR debug: first page saved to qr_debug.png (size 3755×1654)
2026-04-16 11:29:15,336 [INFO]   QR p1 | step 1: full page (3755×1654)
2026-04-16 11:29:15,465 [INFO]   QR p1 | full-page [original]: found '2501-0510-312323-21'
2026-04-16 11:29:15,465 [INFO]   QR p1 | full-page [original]: MATCH '2501-0510-312323-21'
2026-04-16 11:29:15,466 [INFO]   QR → Job: 2501  Location: 0510  Cost Code: 312323-21
2026-04-16 11:29:15,466 [INFO]   Running OCR...
2026-04-16 11:29:17,081 [INFO]   Detected profile: 'Teevin Bros Land & Timber Co., LLC'
2026-04-16 11:29:17,082 [INFO] OCR debug: corrected text saved to ocr_debug.txt
2026-04-16 11:29:17,518 [INFO] OCR debug: ticket-number crop saved to ocr_debug_topright.png (original coords x=2628-3755, y=0-248)
2026-04-16 11:29:17,715 [INFO] OCR debug: preprocessed first page saved to ocr_debug.png
2026-04-16 11:29:17,716 [WARNING]   OCR confidence FAILED: material/product label not found (expected one of: ['Product:', 'Product.', 'Product :', 'Product', 'product:', 'product.', 'PRODUCT', 'Prod:', 'Prod.', 'prod'])
2026-04-16 11:29:17,716 [WARNING] OCR confidence check failed (1 check(s) failed). Ticket will be flagged for manual review.
2026-04-16 11:29:17,717 [WARNING]   TICKET FLAGGED FOR REVIEW: 'REVIEW REQUIRED - REVIEW REQUIRED - FW: [Scan] 2026-04-16 10:37 1'
2026-04-16 11:29:17,718 [WARNING]     - material/product label not found (expected one of: ['Product:', 'Product.', 'Product :', 'Product', 'product:', 'product.', 'PRODUCT', 'Prod:', 'Prod.', 'prod'])
2026-04-16 11:29:17,718 [ERROR] Error logged → 'REVIEW REQUIRED - REVIEW REQUIRED - FW: [Scan] 2026-04-16 10:37 1': REVIEW REQUIRED: REVIEW REQUIRED - REVIEW REQUIRED - FW: [Scan] 2026-04-16 10:37 1 - 2026-04-16 11:29:17 - Failed checks: material/product label not found (expected one of: ['Product:', 'Product.', 'Product :', 'Product', 'product:', 'product.', 'PRODUCT', 'Prod:', 'Prod.', 'prod'])
2026-04-16 11:29:17,718 [INFO]   Sending review-required reply...
2026-04-16 11:29:18,121 [WARNING]   Review reply not sent (will continue): 403 Client Error: Forbidden for url: https://graph.microsoft.com/v1.0/users/help@mjhughes.com/sendMail
2026-04-16 11:29:18,122 [INFO]   Flagging email with 'REVIEW REQUIRED' category...
2026-04-16 11:29:18,530 [INFO] Flagged email AAMkAGJhMTljYmM4LTk5MmQtNGYzYy1iMjVkLTQxYjIyYmJjYjAwZQBGAAAAAACGS7jncFP_TrzrW1Hz7wysBwCf5kq4dgz5QZHK1WIWgeP-AAAAAAEMAACf5kq4dgz5QZHK1WIWgeP-AAAAACS9AAA= with category 'REVIEW REQUIRED'.
2026-04-16 11:29:18,530 [INFO]   Renaming email subject...
2026-04-16 11:29:18,530 [WARNING]   Skipping rename — subject already starts with 'REVIEW REQUIRED': 'REVIEW REQUIRED - REVIEW REQUIRED - FW: [Scan] 2026-04-16 10:37 1'
2026-04-16 11:29:18,531 [INFO]   Moving email to 'REVIEW REQUIRED' folder...
2026-04-16 11:29:19,295 [INFO] Moved email AAMkAGJhMTljYmM4LTk5MmQtNGYzYy1iMjVkLTQxYjIyYmJjYjAwZQBGAAAAAACGS7jncFP_TrzrW1Hz7wysBwCf5kq4dgz5QZHK1WIWgeP-AAAAAAEMAACf5kq4dgz5QZHK1WIWgeP-AAAAACS9AAA= to 'REVIEW REQUIRED' folder (new id=AAMkAGJhMTljYmM4LTk5MmQtNGYzYy1iMjVkLTQxYjIyYmJjYjAwZQBGAAAAAACGS7jncFP_TrzrW1Hz7wysBwCf5kq4dgz5QZHK1WIWgeP-AAAAAWCJAACf5kq4dgz5QZHK1WIWgeP-AAAAAux5AAA=).
2026-04-16 11:29:19,296 [INFO]   Marking email as unread in 'REVIEW REQUIRED' folder...
2026-04-16 11:29:19,804 [INFO] Marked email AAMkAGJhMTljYmM4LTk5MmQtNGYzYy1iMjVkLTQxYjIyYmJjYjAwZQBGAAAAAACGS7jncFP_TrzrW1Hz7wysBwCf5kq4dgz5QZHK1WIWgeP-AAAAAWCJAACf5kq4dgz5QZHK1WIWgeP-AAAAAux5AAA= as unread (flagged for review).
2026-04-16 11:29:19,805 [INFO] =======================================================
2026-04-16 11:29:19,805 [INFO] Complete — success: 2  failed: 0  (failed emails remain unread for retry)
2026-04-16 11:29:19,805 [INFO] =======================================================
2026-04-16 11:32:54,507 [INFO] =======================================================
2026-04-16 11:32:54,507 [INFO] Ticket Processing Automation — starting
2026-04-16 11:32:54,507 [INFO] Run time: 2026-04-16 11:32:54
2026-04-16 11:32:54,507 [INFO] =======================================================
2026-04-16 11:32:54,507 [INFO] Credentials loaded from: C:\Users\dawson.h\Desktop\ticket-to-excel-automation\.env
2026-04-16 11:32:54,507 [INFO] AZURE_TENANT_ID starts with: 'b4ed'
2026-04-16 11:32:54,507 [INFO] Loaded ticket profile: 'Teevin Bros Land & Timber Co., LLC' (teevin_bros.json)
2026-04-16 11:32:54,509 [INFO] Loaded 1 ticket profile(s).
2026-04-16 11:32:55,160 [INFO] Authenticated with Microsoft Graph API.
2026-04-16 11:32:56,191 [INFO] Found 2 unread email(s) with PDF attachments.
2026-04-16 11:32:56,192 [INFO] =======================================================
2026-04-16 11:32:56,192 [INFO] Processing: 'REVIEW REQUIRED - REVIEW REQUIRED - FW: [Scan] 2026-04-16 10:37'
2026-04-16 11:32:56,192 [INFO]   Downloading '2026-04-16 10-37.pdf'...
2026-04-16 11:32:56,640 [INFO]   Rendering PDF pages...
2026-04-16 11:32:56,855 [INFO]   Scanning for QR code...
2026-04-16 11:32:56,978 [INFO] QR debug: first page saved to qr_debug.png (size 3761×1654)
2026-04-16 11:32:56,978 [INFO]   QR p1 | step 1: full page (3761×1654)
2026-04-16 11:32:57,077 [INFO]   QR p1 | full-page [original]: found '2501-0510-312323-21'
2026-04-16 11:32:57,078 [INFO]   QR p1 | full-page [original]: MATCH '2501-0510-312323-21'
2026-04-16 11:32:57,078 [INFO]   QR → Job: 2501  Location: 0510  Cost Code: 312323-21
2026-04-16 11:32:57,078 [INFO]   Running OCR...
2026-04-16 11:32:58,599 [INFO]   Detected profile: 'Teevin Bros Land & Timber Co., LLC'
2026-04-16 11:32:58,599 [INFO] OCR debug: corrected text saved to ocr_debug.txt
2026-04-16 11:32:58,954 [INFO] OCR debug: ticket-number crop saved to ocr_debug_topright.png (original coords x=2632-3761, y=0-248)
2026-04-16 11:32:59,110 [INFO] OCR debug: preprocessed first page saved to ocr_debug.png
2026-04-16 11:32:59,111 [INFO]   Page dimensions: 3761×1654 px
2026-04-16 11:32:59,388 [INFO]   Profile crop (2632,0)–(3761,248)  pass1 (digits): ''  |  pass2 (full): 'AF hia F a'
2026-04-16 11:33:04,623 [INFO] =======================================================
2026-04-16 11:33:04,623 [INFO] Ticket Processing Automation — starting
2026-04-16 11:33:04,623 [INFO] Run time: 2026-04-16 11:33:04
2026-04-16 11:33:04,623 [INFO] =======================================================
2026-04-16 11:33:04,623 [INFO] Credentials loaded from: C:\Users\dawson.h\Desktop\ticket-to-excel-automation\.env
2026-04-16 11:33:04,623 [INFO] AZURE_TENANT_ID starts with: 'b4ed'
2026-04-16 11:33:04,624 [INFO] Loaded ticket profile: 'Teevin Bros Land & Timber Co., LLC' (teevin_bros.json)
2026-04-16 11:33:04,624 [INFO] Loaded 1 ticket profile(s).
2026-04-16 11:33:05,175 [INFO] Authenticated with Microsoft Graph API.
2026-04-16 11:33:06,160 [INFO] Found 2 unread email(s) with PDF attachments.
2026-04-16 11:33:06,162 [INFO] =======================================================
2026-04-16 11:33:06,162 [INFO] Processing: 'REVIEW REQUIRED - REVIEW REQUIRED - FW: [Scan] 2026-04-16 10:37'
2026-04-16 11:33:06,163 [INFO]   Downloading '2026-04-16 10-37.pdf'...
2026-04-16 11:33:06,617 [INFO]   Rendering PDF pages...
2026-04-16 11:33:06,831 [INFO]   Scanning for QR code...
2026-04-16 11:33:06,948 [INFO] QR debug: first page saved to qr_debug.png (size 3761×1654)
2026-04-16 11:33:06,948 [INFO]   QR p1 | step 1: full page (3761×1654)
2026-04-16 11:33:07,050 [INFO]   QR p1 | full-page [original]: found '2501-0510-312323-21'
2026-04-16 11:33:07,050 [INFO]   QR p1 | full-page [original]: MATCH '2501-0510-312323-21'
2026-04-16 11:33:07,051 [INFO]   QR → Job: 2501  Location: 0510  Cost Code: 312323-21
2026-04-16 11:33:07,051 [INFO]   Running OCR...
2026-04-16 11:33:08,549 [INFO]   Detected profile: 'Teevin Bros Land & Timber Co., LLC'
2026-04-16 11:33:08,550 [INFO] OCR debug: corrected text saved to ocr_debug.txt
2026-04-16 11:33:08,901 [INFO] OCR debug: ticket-number crop saved to ocr_debug_topright.png (original coords x=2632-3761, y=0-248)
2026-04-16 11:33:09,057 [INFO] OCR debug: preprocessed first page saved to ocr_debug.png
2026-04-16 11:33:09,057 [INFO]   Page dimensions: 3761×1654 px
2026-04-16 11:33:09,346 [INFO]   Profile crop (2632,0)–(3761,248)  pass1 (digits): ''  |  pass2 (full): 'AF hia F a'
2026-04-16 11:33:09,655 [INFO]   Diag crop1 box=(2500, 0, 3761, 300)  pass1 (digits): '17637'  |  pass2 (full): '_C\n1763/7 ~—'
2026-04-16 11:33:10,083 [INFO]   Diag crop2 box=(2000, 0, 3761, 400)  pass1 (digits): '17637'  |  pass2 (full): 'iber Co., LLC\n17637\n, ape'
2026-04-16 11:33:10,818 [INFO]   Diag crop3 box=(0, 0, 3761, 400)  pass1 (digits): '17637'  |  pass2 (full): 'Teevin Bros Land & Timber Co., LLC\n8/20/2025\n911 20AM : Vier | ae'
2026-04-16 11:33:11,574 [INFO]   Diag crop4 box=(2800, 0, 3761, 1654)  pass1 (digits): ''  |  pass2 (full): '17637\nray\naaa\n27.22 Op go\n11.90\n15.31\n~\not\nON\na Y\nmn\n—'
2026-04-16 11:33:11,623 [INFO] Facility fuzzy-corrected: '800 Bradley Quarry - Sree a?' → '800 Bradley Quarry | Ar ?'
2026-04-16 11:33:11,623 [WARNING]   OCR confidence FAILED: 5-digit ticket number not found on header line or upper-right region
2026-04-16 11:33:11,624 [WARNING] OCR confidence check failed (1 check(s) failed). Ticket will be flagged for manual review.
2026-04-16 11:33:11,625 [WARNING]   TICKET FLAGGED FOR REVIEW: 'REVIEW REQUIRED - REVIEW REQUIRED - FW: [Scan] 2026-04-16 10:37'
2026-04-16 11:33:11,625 [WARNING]     - 5-digit ticket number not found on header line or upper-right region
2026-04-16 11:33:11,625 [ERROR] Error logged → 'REVIEW REQUIRED - REVIEW REQUIRED - FW: [Scan] 2026-04-16 10:37': REVIEW REQUIRED: REVIEW REQUIRED - REVIEW REQUIRED - FW: [Scan] 2026-04-16 10:37 - 2026-04-16 11:33:11 - Failed checks: 5-digit ticket number not found on header line or upper-right region
2026-04-16 11:33:11,626 [INFO]   Sending review-required reply...
2026-04-16 11:33:11,992 [WARNING]   Review reply not sent (will continue): 403 Client Error: Forbidden for url: https://graph.microsoft.com/v1.0/users/help@mjhughes.com/sendMail
2026-04-16 11:33:11,994 [INFO]   Flagging email with 'REVIEW REQUIRED' category...
2026-04-16 11:33:12,360 [INFO] Flagged email AAMkAGJhMTljYmM4LTk5MmQtNGYzYy1iMjVkLTQxYjIyYmJjYjAwZQBGAAAAAACGS7jncFP_TrzrW1Hz7wysBwCf5kq4dgz5QZHK1WIWgeP-AAAAAAEMAACf5kq4dgz5QZHK1WIWgeP-AAAAACTAAAA= with category 'REVIEW REQUIRED'.
2026-04-16 11:33:12,360 [INFO]   Renaming email subject...
2026-04-16 11:33:12,360 [WARNING]   Skipping rename — subject already starts with 'REVIEW REQUIRED': 'REVIEW REQUIRED - REVIEW REQUIRED - FW: [Scan] 2026-04-16 10:37'
2026-04-16 11:33:12,360 [INFO]   Moving email to 'REVIEW REQUIRED' folder...
2026-04-16 11:33:13,149 [INFO] Moved email AAMkAGJhMTljYmM4LTk5MmQtNGYzYy1iMjVkLTQxYjIyYmJjYjAwZQBGAAAAAACGS7jncFP_TrzrW1Hz7wysBwCf5kq4dgz5QZHK1WIWgeP-AAAAAAEMAACf5kq4dgz5QZHK1WIWgeP-AAAAACTAAAA= to 'REVIEW REQUIRED' folder (new id=AAMkAGJhMTljYmM4LTk5MmQtNGYzYy1iMjVkLTQxYjIyYmJjYjAwZQBGAAAAAACGS7jncFP_TrzrW1Hz7wysBwCf5kq4dgz5QZHK1WIWgeP-AAAAAWCJAACf5kq4dgz5QZHK1WIWgeP-AAAAAux6AAA=).
2026-04-16 11:33:13,149 [INFO]   Marking email as unread in 'REVIEW REQUIRED' folder...
2026-04-16 11:33:13,580 [INFO] Marked email AAMkAGJhMTljYmM4LTk5MmQtNGYzYy1iMjVkLTQxYjIyYmJjYjAwZQBGAAAAAACGS7jncFP_TrzrW1Hz7wysBwCf5kq4dgz5QZHK1WIWgeP-AAAAAWCJAACf5kq4dgz5QZHK1WIWgeP-AAAAAux6AAA= as unread (flagged for review).
2026-04-16 11:33:13,582 [INFO] =======================================================
2026-04-16 11:33:13,582 [INFO] Processing: 'REVIEW REQUIRED - REVIEW REQUIRED - FW: [Scan] 2026-04-16 10:37 1'
2026-04-16 11:33:13,582 [INFO]   Downloading '2026-04-16 10-37 1.pdf'...
2026-04-16 11:33:14,060 [INFO]   Rendering PDF pages...
2026-04-16 11:33:14,292 [INFO]   Scanning for QR code...
2026-04-16 11:33:14,420 [INFO] QR debug: first page saved to qr_debug.png (size 3755×1654)
2026-04-16 11:33:14,420 [INFO]   QR p1 | step 1: full page (3755×1654)
2026-04-16 11:33:14,530 [INFO]   QR p1 | full-page [original]: found '2501-0510-312323-21'
2026-04-16 11:33:14,530 [INFO]   QR p1 | full-page [original]: MATCH '2501-0510-312323-21'
2026-04-16 11:33:14,531 [INFO]   QR → Job: 2501  Location: 0510  Cost Code: 312323-21
2026-04-16 11:33:14,531 [INFO]   Running OCR...
2026-04-16 11:33:15,989 [INFO]   Detected profile: 'Teevin Bros Land & Timber Co., LLC'
2026-04-16 11:33:15,989 [INFO] OCR debug: corrected text saved to ocr_debug.txt
2026-04-16 11:33:16,324 [INFO] OCR debug: ticket-number crop saved to ocr_debug_topright.png (original coords x=2628-3755, y=0-248)
2026-04-16 11:33:16,474 [INFO] OCR debug: preprocessed first page saved to ocr_debug.png
2026-04-16 11:33:16,475 [WARNING]   OCR confidence FAILED: material/product label not found (expected one of: ['Product:', 'Product.', 'Product :', 'Product', 'product:', 'product.', 'PRODUCT', 'Prod:', 'Prod.', 'prod'])
2026-04-16 11:33:16,475 [WARNING] OCR confidence check failed (1 check(s) failed). Ticket will be flagged for manual review.
2026-04-16 11:33:16,477 [WARNING]   TICKET FLAGGED FOR REVIEW: 'REVIEW REQUIRED - REVIEW REQUIRED - FW: [Scan] 2026-04-16 10:37 1'
2026-04-16 11:33:16,477 [WARNING]     - material/product label not found (expected one of: ['Product:', 'Product.', 'Product :', 'Product', 'product:', 'product.', 'PRODUCT', 'Prod:', 'Prod.', 'prod'])
2026-04-16 11:33:16,478 [ERROR] Error logged → 'REVIEW REQUIRED - REVIEW REQUIRED - FW: [Scan] 2026-04-16 10:37 1': REVIEW REQUIRED: REVIEW REQUIRED - REVIEW REQUIRED - FW: [Scan] 2026-04-16 10:37 1 - 2026-04-16 11:33:16 - Failed checks: material/product label not found (expected one of: ['Product:', 'Product.', 'Product :', 'Product', 'product:', 'product.', 'PRODUCT', 'Prod:', 'Prod.', 'prod'])
2026-04-16 11:33:16,478 [INFO]   Sending review-required reply...
2026-04-16 11:33:16,828 [WARNING]   Review reply not sent (will continue): 403 Client Error: Forbidden for url: https://graph.microsoft.com/v1.0/users/help@mjhughes.com/sendMail
2026-04-16 11:33:16,830 [INFO]   Flagging email with 'REVIEW REQUIRED' category...
2026-04-16 11:33:17,194 [INFO] Flagged email AAMkAGJhMTljYmM4LTk5MmQtNGYzYy1iMjVkLTQxYjIyYmJjYjAwZQBGAAAAAACGS7jncFP_TrzrW1Hz7wysBwCf5kq4dgz5QZHK1WIWgeP-AAAAAAEMAACf5kq4dgz5QZHK1WIWgeP-AAAAACS-AAA= with category 'REVIEW REQUIRED'.
2026-04-16 11:33:17,195 [INFO]   Renaming email subject...
2026-04-16 11:33:17,195 [WARNING]   Skipping rename — subject already starts with 'REVIEW REQUIRED': 'REVIEW REQUIRED - REVIEW REQUIRED - FW: [Scan] 2026-04-16 10:37 1'
2026-04-16 11:33:17,195 [INFO]   Moving email to 'REVIEW REQUIRED' folder...
2026-04-16 11:33:18,022 [INFO] Moved email AAMkAGJhMTljYmM4LTk5MmQtNGYzYy1iMjVkLTQxYjIyYmJjYjAwZQBGAAAAAACGS7jncFP_TrzrW1Hz7wysBwCf5kq4dgz5QZHK1WIWgeP-AAAAAAEMAACf5kq4dgz5QZHK1WIWgeP-AAAAACS-AAA= to 'REVIEW REQUIRED' folder (new id=AAMkAGJhMTljYmM4LTk5MmQtNGYzYy1iMjVkLTQxYjIyYmJjYjAwZQBGAAAAAACGS7jncFP_TrzrW1Hz7wysBwCf5kq4dgz5QZHK1WIWgeP-AAAAAWCJAACf5kq4dgz5QZHK1WIWgeP-AAAAAux7AAA=).
2026-04-16 11:33:18,022 [INFO]   Marking email as unread in 'REVIEW REQUIRED' folder...
2026-04-16 11:33:19,306 [INFO] Marked email AAMkAGJhMTljYmM4LTk5MmQtNGYzYy1iMjVkLTQxYjIyYmJjYjAwZQBGAAAAAACGS7jncFP_TrzrW1Hz7wysBwCf5kq4dgz5QZHK1WIWgeP-AAAAAWCJAACf5kq4dgz5QZHK1WIWgeP-AAAAAux7AAA= as unread (flagged for review).
2026-04-16 11:33:19,308 [INFO] =======================================================
2026-04-16 11:33:19,308 [INFO] Complete — success: 2  failed: 0  (failed emails remain unread for retry)
2026-04-16 11:33:19,308 [INFO] =======================================================
2026-04-16 11:37:22,305 [INFO] =======================================================
2026-04-16 11:37:22,305 [INFO] Ticket Processing Automation — starting
2026-04-16 11:37:22,306 [INFO] Run time: 2026-04-16 11:37:22
2026-04-16 11:37:22,306 [INFO] =======================================================
2026-04-16 11:37:22,306 [INFO] Credentials loaded from: C:\Users\dawson.h\Desktop\ticket-to-excel-automation\.env
2026-04-16 11:37:22,306 [INFO] AZURE_TENANT_ID starts with: 'b4ed'
2026-04-16 11:37:22,317 [INFO] Loaded ticket profile: 'Teevin Bros Land & Timber Co., LLC' (teevin_bros.json)
2026-04-16 11:37:22,317 [INFO] Loaded 1 ticket profile(s).
2026-04-16 11:37:22,793 [INFO] Authenticated with Microsoft Graph API.
2026-04-16 11:37:23,882 [INFO] Found 2 unread email(s) with PDF attachments.
2026-04-16 11:37:23,884 [INFO] =======================================================
2026-04-16 11:37:23,884 [INFO] Processing: 'REVIEW REQUIRED - REVIEW REQUIRED - FW: [Scan] 2026-04-16 10:37'
2026-04-16 11:37:23,884 [INFO]   Downloading '2026-04-16 10-37.pdf'...
2026-04-16 11:37:24,318 [INFO]   Rendering PDF pages...
2026-04-16 11:37:24,534 [INFO]   Scanning for QR code...
2026-04-16 11:37:24,650 [INFO] QR debug: first page saved to qr_debug.png (size 3761×1654)
2026-04-16 11:37:24,651 [INFO]   QR p1 | step 1: full page (3761×1654)
2026-04-16 11:37:24,751 [INFO]   QR p1 | full-page [original]: found '2501-0510-312323-21'
2026-04-16 11:37:24,751 [INFO]   QR p1 | full-page [original]: MATCH '2501-0510-312323-21'
2026-04-16 11:37:24,751 [INFO]   QR → Job: 2501  Location: 0510  Cost Code: 312323-21
2026-04-16 11:37:24,752 [INFO]   Running OCR...
2026-04-16 11:37:26,236 [INFO]   Detected profile: 'Teevin Bros Land & Timber Co., LLC'
2026-04-16 11:37:26,237 [INFO] OCR debug: corrected text saved to ocr_debug.txt
2026-04-16 11:37:26,628 [INFO] OCR debug: ticket-number crop saved to ocr_debug_topright.png (original coords x=1993-3761, y=0-396)
2026-04-16 11:37:26,787 [INFO] OCR debug: preprocessed first page saved to ocr_debug.png
2026-04-16 11:37:26,787 [INFO]   Page dimensions: 3761×1654 px
2026-04-16 11:37:26,991 [INFO]   Region crop (1993,0)–(3761,396)  raw OCR: 'nber Co., LLC\n17637'
2026-04-16 11:37:27,006 [INFO]   Saved ocr_debug_topright.png and ocr_debug_topright.txt
2026-04-16 11:37:27,184 [INFO]   Skipping '17637' at crop-x=1668 (QR zone starts at 1203)
2026-04-16 11:37:27,184 [INFO]   Ticket number from region (regex): '17637'
2026-04-16 11:37:27,186 [INFO] Facility fuzzy-corrected: '800 Bradley Quarry - Sree a?' → '800 Bradley Quarry | Ar ?'
2026-04-16 11:37:27,186 [INFO] Facility fuzzy-corrected: '800 Bradley Quarry - Sree a?' → '800 Bradley Quarry | Ar ?'
2026-04-16 11:37:27,187 [INFO]   Page dimensions: 3761×1654 px
2026-04-16 11:37:27,398 [INFO]   Region crop (1993,0)–(3761,396)  raw OCR: 'nber Co., LLC\n17637'
2026-04-16 11:37:27,414 [INFO]   Saved ocr_debug_topright.png and ocr_debug_topright.txt
2026-04-16 11:37:27,588 [INFO]   Skipping '17637' at crop-x=1668 (QR zone starts at 1203)
2026-04-16 11:37:27,588 [INFO]   Ticket number from region (regex): '17637'
2026-04-16 11:37:27,588 [INFO]   Ticket number from region OCR: '17637'
2026-04-16 11:37:27,590 [INFO]   OCR → Ticket: 17637  Date: 8/20/2025  Facility: 800 Bradley Quarry | Ar ?  Customer: C0520 MJ Hughes Construction  Net Tons: 16.88
2026-04-16 11:37:27,593 [INFO]   Writing to Excel...
2026-04-16 11:37:27,618 [INFO] Excel: wrote ticket 17637 to tab '312323-21' in materials_log.xlsx.
2026-04-16 11:37:27,618 [INFO]   Renaming email subject...
2026-04-16 11:37:28,103 [INFO] Renamed email AAMkAGJhMTljYmM4LTk5MmQtNGYzYy1iMjVkLTQxYjIyYmJjYjAwZQBGAAAAAACGS7jncFP_TrzrW1Hz7wysBwCf5kq4dgz5QZHK1WIWgeP-AAAAAAEMAACf5kq4dgz5QZHK1WIWgeP-AAAAACTCAAA= subject to: 'Ticket 17637 - 3/4-0" - 8/20/2025'
2026-04-16 11:37:28,103 [INFO]   Sending confirmation email...
2026-04-16 11:37:28,440 [WARNING]   Confirmation email not sent (will continue): 403 Client Error: Forbidden for url: https://graph.microsoft.com/v1.0/users/help@mjhughes.com/messages/AAMkAGJhMTljYmM4LTk5MmQtNGYzYy1iMjVkLTQxYjIyYmJjYjAwZQBGAAAAAACGS7jncFP_TrzrW1Hz7wysBwCf5kq4dgz5QZHK1WIWgeP-AAAAAAEMAACf5kq4dgz5QZHK1WIWgeP-AAAAACTCAAA=/reply
2026-04-16 11:37:28,441 [INFO]   Marking email as read...
2026-04-16 11:37:28,886 [INFO] Marked email AAMkAGJhMTljYmM4LTk5MmQtNGYzYy1iMjVkLTQxYjIyYmJjYjAwZQBGAAAAAACGS7jncFP_TrzrW1Hz7wysBwCf5kq4dgz5QZHK1WIWgeP-AAAAAAEMAACf5kq4dgz5QZHK1WIWgeP-AAAAACTCAAA= as read.
2026-04-16 11:37:28,887 [INFO]   Done: 'REVIEW REQUIRED - REVIEW REQUIRED - FW: [Scan] 2026-04-16 10:37'
2026-04-16 11:37:28,888 [INFO] =======================================================
2026-04-16 11:37:28,888 [INFO] Processing: 'REVIEW REQUIRED - REVIEW REQUIRED - FW: [Scan] 2026-04-16 10:37 1'
2026-04-16 11:37:28,889 [INFO]   Downloading '2026-04-16 10-37 1.pdf'...
2026-04-16 11:37:29,357 [INFO]   Rendering PDF pages...
2026-04-16 11:37:29,588 [INFO]   Scanning for QR code...
2026-04-16 11:37:29,722 [INFO] QR debug: first page saved to qr_debug.png (size 3755×1654)
2026-04-16 11:37:29,723 [INFO]   QR p1 | step 1: full page (3755×1654)
2026-04-16 11:37:29,831 [INFO]   QR p1 | full-page [original]: found '2501-0510-312323-21'
2026-04-16 11:37:29,832 [INFO]   QR p1 | full-page [original]: MATCH '2501-0510-312323-21'
2026-04-16 11:37:29,832 [INFO]   QR → Job: 2501  Location: 0510  Cost Code: 312323-21
2026-04-16 11:37:29,832 [INFO]   Running OCR...
2026-04-16 11:37:31,465 [INFO]   Detected profile: 'Teevin Bros Land & Timber Co., LLC'
2026-04-16 11:37:31,466 [INFO] OCR debug: corrected text saved to ocr_debug.txt
2026-04-16 11:37:31,889 [INFO] OCR debug: ticket-number crop saved to ocr_debug_topright.png (original coords x=1990-3755, y=0-396)
2026-04-16 11:37:32,065 [INFO] OCR debug: preprocessed first page saved to ocr_debug.png
2026-04-16 11:37:32,066 [WARNING]   OCR confidence FAILED: material/product label not found (expected one of: ['Product:', 'Product.', 'Product :', 'Product', 'product:', 'product.', 'PRODUCT', 'Prod:', 'Prod.', 'prod'])
2026-04-16 11:37:32,066 [WARNING] OCR confidence check failed (1 check(s) failed). Ticket will be flagged for manual review.
2026-04-16 11:37:32,068 [WARNING]   TICKET FLAGGED FOR REVIEW: 'REVIEW REQUIRED - REVIEW REQUIRED - FW: [Scan] 2026-04-16 10:37 1'
2026-04-16 11:37:32,068 [WARNING]     - material/product label not found (expected one of: ['Product:', 'Product.', 'Product :', 'Product', 'product:', 'product.', 'PRODUCT', 'Prod:', 'Prod.', 'prod'])
2026-04-16 11:37:32,068 [ERROR] Error logged → 'REVIEW REQUIRED - REVIEW REQUIRED - FW: [Scan] 2026-04-16 10:37 1': REVIEW REQUIRED: REVIEW REQUIRED - REVIEW REQUIRED - FW: [Scan] 2026-04-16 10:37 1 - 2026-04-16 11:37:32 - Failed checks: material/product label not found (expected one of: ['Product:', 'Product.', 'Product :', 'Product', 'product:', 'product.', 'PRODUCT', 'Prod:', 'Prod.', 'prod'])
2026-04-16 11:37:32,069 [INFO]   Sending review-required reply...
2026-04-16 11:37:32,428 [WARNING]   Review reply not sent (will continue): 403 Client Error: Forbidden for url: https://graph.microsoft.com/v1.0/users/help@mjhughes.com/sendMail
2026-04-16 11:37:32,429 [INFO]   Flagging email with 'REVIEW REQUIRED' category...
2026-04-16 11:37:32,798 [INFO] Flagged email AAMkAGJhMTljYmM4LTk5MmQtNGYzYy1iMjVkLTQxYjIyYmJjYjAwZQBGAAAAAACGS7jncFP_TrzrW1Hz7wysBwCf5kq4dgz5QZHK1WIWgeP-AAAAAAEMAACf5kq4dgz5QZHK1WIWgeP-AAAAACTBAAA= with category 'REVIEW REQUIRED'.
2026-04-16 11:37:32,798 [INFO]   Renaming email subject...
2026-04-16 11:37:32,798 [WARNING]   Skipping rename — subject already starts with 'REVIEW REQUIRED': 'REVIEW REQUIRED - REVIEW REQUIRED - FW: [Scan] 2026-04-16 10:37 1'
2026-04-16 11:37:32,798 [INFO]   Moving email to 'REVIEW REQUIRED' folder...
2026-04-16 11:37:33,542 [INFO] Moved email AAMkAGJhMTljYmM4LTk5MmQtNGYzYy1iMjVkLTQxYjIyYmJjYjAwZQBGAAAAAACGS7jncFP_TrzrW1Hz7wysBwCf5kq4dgz5QZHK1WIWgeP-AAAAAAEMAACf5kq4dgz5QZHK1WIWgeP-AAAAACTBAAA= to 'REVIEW REQUIRED' folder (new id=AAMkAGJhMTljYmM4LTk5MmQtNGYzYy1iMjVkLTQxYjIyYmJjYjAwZQBGAAAAAACGS7jncFP_TrzrW1Hz7wysBwCf5kq4dgz5QZHK1WIWgeP-AAAAAWCJAACf5kq4dgz5QZHK1WIWgeP-AAAAAux8AAA=).
2026-04-16 11:37:33,543 [INFO]   Marking email as unread in 'REVIEW REQUIRED' folder...
2026-04-16 11:37:33,935 [INFO] Marked email AAMkAGJhMTljYmM4LTk5MmQtNGYzYy1iMjVkLTQxYjIyYmJjYjAwZQBGAAAAAACGS7jncFP_TrzrW1Hz7wysBwCf5kq4dgz5QZHK1WIWgeP-AAAAAWCJAACf5kq4dgz5QZHK1WIWgeP-AAAAAux8AAA= as unread (flagged for review).
2026-04-16 11:37:33,937 [INFO] =======================================================
2026-04-16 11:37:33,937 [INFO] Complete — success: 2  failed: 0  (failed emails remain unread for retry)
2026-04-16 11:37:33,937 [INFO] =======================================================
2026-04-16 13:52:47,877 [INFO] =======================================================
2026-04-16 13:52:47,877 [INFO] Ticket Processing Automation — starting
2026-04-16 13:52:47,877 [INFO] Run time: 2026-04-16 13:52:47
2026-04-16 13:52:47,878 [INFO] =======================================================
2026-04-16 13:52:47,878 [INFO] Credentials loaded from: C:\Users\dawson.h\Desktop\ticket-to-excel-automation\.env
2026-04-16 13:52:47,878 [INFO] AZURE_TENANT_ID starts with: 'b4ed'
2026-04-16 13:52:47,886 [INFO] Loaded ticket profile: 'Teevin Bros Land & Timber Co., LLC' (teevin_bros.json)
2026-04-16 13:52:47,886 [INFO] Loaded 1 ticket profile(s).
2026-04-16 13:52:48,461 [INFO] Authenticated with Microsoft Graph API.
2026-04-16 13:52:49,167 [INFO] Found 1 unread email(s) with PDF attachments.
2026-04-16 13:52:49,168 [INFO] =======================================================
2026-04-16 13:52:49,168 [INFO] Processing: 'Ticket 17583 -  - 8/19/2025'
2026-04-16 13:52:49,168 [INFO]   Downloading '2026-04-16 10-36.pdf'...
2026-04-16 13:52:49,682 [INFO]   Rendering PDF pages...
2026-04-16 13:52:49,880 [INFO]   Scanning for QR code...
2026-04-16 13:52:49,988 [INFO] QR debug: first page saved to qr_debug.png (size 3555×1654)
2026-04-16 13:52:49,988 [INFO]   QR p1 | step 1: full page (3555×1654)
2026-04-16 13:52:50,083 [INFO]   QR p1 | full-page [original]: found '2501-0510-312323-21'
2026-04-16 13:52:50,083 [INFO]   QR p1 | full-page [original]: MATCH '2501-0510-312323-21'
2026-04-16 13:52:50,084 [INFO]   QR → Job: 2501  Location: 0510  Cost Code: 312323-21
2026-04-16 13:52:50,084 [INFO]   Running OCR...
2026-04-16 13:52:51,596 [INFO]   Detected profile: 'Teevin Bros Land & Timber Co., LLC'
2026-04-16 13:52:51,597 [INFO] OCR debug: corrected text saved to ocr_debug.txt
2026-04-16 13:52:51,961 [INFO] OCR debug: ticket-number crop saved to ocr_debug_topright.png (original coords x=1884-3555, y=0-396)
2026-04-16 13:52:52,109 [INFO] OCR debug: preprocessed first page saved to ocr_debug.png
2026-04-16 13:52:52,111 [INFO]   Page dimensions: 3555×1654 px
2026-04-16 13:52:52,315 [INFO]   Region crop (1884,0)–(3555,396)  raw OCR: 'nber Co., LLC\n17583 —~——'
2026-04-16 13:52:52,327 [INFO]   Saved ocr_debug_topright.png and ocr_debug_topright.txt
2026-04-16 13:52:52,502 [INFO]   Skipping '17583' at crop-x=1566 (QR zone starts at 1137)
2026-04-16 13:52:52,502 [INFO]   Ticket number from region (regex): '17583'
2026-04-16 13:52:52,504 [INFO]   Ticket number from region OCR: '17583'
2026-04-16 13:52:52,504 [WARNING]   regex extraction: could not extract 'material'.
2026-04-16 13:52:52,505 [INFO]   OCR → Ticket: 17583  Date: 8/19/2025  Facility: 800 Bradley Quarry eRe My  Customer: C0520 MJ Hughes Construction  Net Tons: 17.40
2026-04-16 13:52:52,508 [INFO]   Writing to Excel...
2026-04-16 13:52:52,510 [INFO] Created new tab for cost code: 312323-21
2026-04-16 13:52:52,510 [WARNING]   WARNING: Empty field 'Material' for ticket 17583
2026-04-16 13:52:52,511 [ERROR] Error logged → 'ticket 17583': Empty field: Material
2026-04-16 13:52:52,532 [INFO] Excel: wrote ticket 17583 to tab '312323-21' in materials_log.xlsx.
2026-04-16 13:52:52,532 [INFO]   Renaming email subject...
2026-04-16 13:52:52,905 [INFO] Renamed email AAMkAGJhMTljYmM4LTk5MmQtNGYzYy1iMjVkLTQxYjIyYmJjYjAwZQBGAAAAAACGS7jncFP_TrzrW1Hz7wysBwCf5kq4dgz5QZHK1WIWgeP-AAAAAAEMAACf5kq4dgz5QZHK1WIWgeP-AAAAAAlKAAA= subject to: 'Ticket 17583 -  - 8/19/2025'
2026-04-16 13:52:52,905 [INFO]   Sending confirmation email...
2026-04-16 13:52:53,490 [WARNING]   Confirmation email not sent (will continue): 403 Client Error: Forbidden for url: https://graph.microsoft.com/v1.0/users/help@mjhughes.com/messages/AAMkAGJhMTljYmM4LTk5MmQtNGYzYy1iMjVkLTQxYjIyYmJjYjAwZQBGAAAAAACGS7jncFP_TrzrW1Hz7wysBwCf5kq4dgz5QZHK1WIWgeP-AAAAAAEMAACf5kq4dgz5QZHK1WIWgeP-AAAAAAlKAAA=/reply
2026-04-16 13:52:53,491 [INFO]   Marking email as read...
2026-04-16 13:52:53,933 [INFO] Marked email AAMkAGJhMTljYmM4LTk5MmQtNGYzYy1iMjVkLTQxYjIyYmJjYjAwZQBGAAAAAACGS7jncFP_TrzrW1Hz7wysBwCf5kq4dgz5QZHK1WIWgeP-AAAAAAEMAACf5kq4dgz5QZHK1WIWgeP-AAAAAAlKAAA= as read.
2026-04-16 13:52:53,933 [INFO]   Done: 'Ticket 17583 -  - 8/19/2025'
2026-04-16 13:52:53,934 [INFO] =======================================================
2026-04-16 13:52:53,935 [INFO] Complete — success: 1  failed: 0  (failed emails remain unread for retry)
2026-04-16 13:52:53,935 [INFO] =======================================================
2026-04-16 13:56:19,531 [INFO] =======================================================
2026-04-16 13:56:19,531 [INFO] Ticket Processing Automation — starting
2026-04-16 13:56:19,531 [INFO] Run time: 2026-04-16 13:56:19
2026-04-16 13:56:19,531 [INFO] =======================================================
2026-04-16 13:56:19,532 [INFO] Credentials loaded from: C:\Users\dawson.h\Desktop\ticket-to-excel-automation\.env
2026-04-16 13:56:19,532 [INFO] AZURE_TENANT_ID starts with: 'b4ed'
2026-04-16 13:56:19,540 [INFO] Loaded ticket profile: 'Teevin Bros Land & Timber Co., LLC' (teevin_bros.json)
2026-04-16 13:56:19,540 [INFO] Loaded 1 ticket profile(s).
2026-04-16 13:56:20,256 [INFO] Authenticated with Microsoft Graph API.
2026-04-16 13:56:20,966 [INFO] Found 1 unread email(s) with PDF attachments.
2026-04-16 13:56:20,968 [INFO] =======================================================
2026-04-16 13:56:20,968 [INFO] Processing: 'Ticket 17583 -  - 8/19/2025'
2026-04-16 13:56:20,968 [INFO]   Downloading '2026-04-16 10-36.pdf'...
2026-04-16 13:56:21,478 [INFO]   Rendering PDF pages...
2026-04-16 13:56:21,684 [INFO]   Scanning for QR code...
2026-04-16 13:56:21,796 [INFO] QR debug: first page saved to qr_debug.png (size 3555×1654)
2026-04-16 13:56:21,796 [INFO]   QR p1 | step 1: full page (3555×1654)
2026-04-16 13:56:21,895 [INFO]   QR p1 | full-page [original]: found '2501-0510-312323-21'
2026-04-16 13:56:21,895 [INFO]   QR p1 | full-page [original]: MATCH '2501-0510-312323-21'
2026-04-16 13:56:21,896 [INFO]   QR → Job: 2501  Location: 0510  Cost Code: 312323-21
2026-04-16 13:56:21,896 [INFO]   Running OCR...
2026-04-16 13:56:23,337 [INFO]   Detected profile: 'Teevin Bros Land & Timber Co., LLC'
2026-04-16 13:56:23,338 [INFO] OCR debug: corrected text saved to ocr_debug.txt
2026-04-16 13:56:23,709 [INFO] OCR debug: ticket-number crop saved to ocr_debug_topright.png (original coords x=1884-3555, y=0-396)
2026-04-16 13:56:23,857 [INFO] OCR debug: preprocessed first page saved to ocr_debug.png
2026-04-16 13:56:23,859 [INFO]   Page dimensions: 3555×1654 px
2026-04-16 13:56:24,067 [INFO]   Region crop (1884,0)–(3555,396)  raw OCR: 'nber Co., LLC\n17583 —~——'
2026-04-16 13:56:24,077 [INFO]   Saved ocr_debug_topright.png and ocr_debug_topright.txt
2026-04-16 13:56:24,253 [INFO]   Skipping '17583' at crop-x=1566 (QR zone starts at 1137)
2026-04-16 13:56:24,253 [INFO]   Ticket number from region (regex): '17583'
2026-04-16 13:56:24,253 [INFO]   Ticket number from region OCR: '17583'
2026-04-16 13:56:24,254 [WARNING]   regex extraction: could not extract 'material'.
2026-04-16 13:56:24,255 [INFO]   OCR → Ticket: 17583  Date: 8/19/2025  Facility: 800 Bradley Quarry eRe My  Customer: C0520 MJ Hughes Construction  Net Tons: 17.40
2026-04-16 13:56:24,258 [INFO]   Writing to Excel...
2026-04-16 13:56:24,261 [INFO] Created new tab for cost code: 312323-21
2026-04-16 13:56:24,261 [WARNING]   WARNING: Empty field 'Material' for ticket 17583
2026-04-16 13:56:24,262 [ERROR] Error logged → 'ticket 17583': Empty field: Material
2026-04-16 13:56:24,269 [INFO] Excel: wrote ticket 17583 to tab '312323-21' in materials_log.xlsx.
2026-04-16 13:56:24,269 [INFO]   Renaming email subject...
2026-04-16 13:56:24,650 [INFO] Renamed email AAMkAGJhMTljYmM4LTk5MmQtNGYzYy1iMjVkLTQxYjIyYmJjYjAwZQBGAAAAAACGS7jncFP_TrzrW1Hz7wysBwCf5kq4dgz5QZHK1WIWgeP-AAAAAAEMAACf5kq4dgz5QZHK1WIWgeP-AAAAAAlKAAA= subject to: 'Ticket 17583 -  - 8/19/2025'
2026-04-16 13:56:24,650 [INFO]   Sending confirmation email...
2026-04-16 13:56:24,982 [WARNING]   Confirmation email not sent (will continue): 403 Client Error: Forbidden for url: https://graph.microsoft.com/v1.0/users/help@mjhughes.com/messages/AAMkAGJhMTljYmM4LTk5MmQtNGYzYy1iMjVkLTQxYjIyYmJjYjAwZQBGAAAAAACGS7jncFP_TrzrW1Hz7wysBwCf5kq4dgz5QZHK1WIWgeP-AAAAAAEMAACf5kq4dgz5QZHK1WIWgeP-AAAAAAlKAAA=/reply
2026-04-16 13:56:24,984 [INFO]   Marking email as read...
2026-04-16 13:56:25,414 [INFO] Marked email AAMkAGJhMTljYmM4LTk5MmQtNGYzYy1iMjVkLTQxYjIyYmJjYjAwZQBGAAAAAACGS7jncFP_TrzrW1Hz7wysBwCf5kq4dgz5QZHK1WIWgeP-AAAAAAEMAACf5kq4dgz5QZHK1WIWgeP-AAAAAAlKAAA= as read.
2026-04-16 13:56:25,414 [INFO]   Done: 'Ticket 17583 -  - 8/19/2025'
2026-04-16 13:56:25,415 [INFO] =======================================================
2026-04-16 13:56:25,416 [INFO] Complete — success: 1  failed: 0  (failed emails remain unread for retry)
2026-04-16 13:56:25,416 [INFO] =======================================================
2026-04-16 14:01:33,893 [INFO] =======================================================
2026-04-16 14:01:33,893 [INFO] Ticket Processing Automation — starting
2026-04-16 14:01:33,894 [INFO] Run time: 2026-04-16 14:01:33
2026-04-16 14:01:33,894 [INFO] =======================================================
2026-04-16 14:01:33,894 [INFO] Credentials loaded from: C:\Users\dawson.h\Desktop\ticket-to-excel-automation\.env
2026-04-16 14:01:33,894 [INFO] AZURE_TENANT_ID starts with: 'b4ed'
2026-04-16 14:01:33,894 [INFO] Loaded ticket profile: 'Teevin Bros Land & Timber Co., LLC' (teevin_bros.json)
2026-04-16 14:01:33,894 [INFO] Loaded 1 ticket profile(s).
2026-04-16 14:01:34,416 [INFO] Authenticated with Microsoft Graph API.
2026-04-16 14:01:35,187 [INFO] Found 1 unread email(s) with PDF attachments.
2026-04-16 14:01:35,189 [INFO] =======================================================
2026-04-16 14:01:35,189 [INFO] Processing: 'Ticket 17583 -  - 8/19/2025'
2026-04-16 14:01:35,189 [INFO]   Downloading '2026-04-16 10-36.pdf'...
2026-04-16 14:01:36,080 [INFO]   Rendering PDF pages...
2026-04-16 14:01:36,285 [INFO]   Scanning for QR code...
2026-04-16 14:01:36,400 [INFO] QR debug: first page saved to qr_debug.png (size 3555×1654)
2026-04-16 14:01:36,401 [INFO]   QR p1 | step 1: full page (3555×1654)
2026-04-16 14:01:36,502 [INFO]   QR p1 | full-page [original]: found '2501-0510-312323-21'
2026-04-16 14:01:36,503 [INFO]   QR p1 | full-page [original]: MATCH '2501-0510-312323-21'
2026-04-16 14:01:36,503 [INFO]   QR → Job: 2501  Location: 0510  Cost Code: 312323-21
2026-04-16 14:01:36,503 [INFO]   Running OCR...
2026-04-16 14:01:37,941 [INFO]   Detected profile: 'Teevin Bros Land & Timber Co., LLC'
2026-04-16 14:01:37,942 [INFO] OCR debug: corrected text saved to ocr_debug.txt
2026-04-16 14:01:38,310 [INFO] OCR debug: ticket-number crop saved to ocr_debug_topright.png (original coords x=1884-3555, y=0-396)
2026-04-16 14:01:38,453 [INFO] OCR debug: preprocessed first page saved to ocr_debug.png
2026-04-16 14:01:38,453 [WARNING]   ANTHROPIC_API_KEY not set — using regex extraction.
2026-04-16 14:01:38,453 [INFO]   Using regex extraction for: Ticket 17583 -  - 8/19/2025
2026-04-16 14:01:38,455 [INFO]   Page dimensions: 3555×1654 px
2026-04-16 14:01:38,652 [INFO]   Region crop (1884,0)–(3555,396)  raw OCR: 'nber Co., LLC\n17583 —~——'
2026-04-16 14:01:38,662 [INFO]   Saved ocr_debug_topright.png and ocr_debug_topright.txt
2026-04-16 14:01:38,831 [INFO]   Skipping '17583' at crop-x=1566 (QR zone starts at 1137)
2026-04-16 14:01:38,831 [INFO]   Ticket number from region (regex): '17583'
2026-04-16 14:01:38,832 [INFO]   Ticket number from region OCR: '17583'
2026-04-16 14:01:38,832 [WARNING]   regex extraction: could not extract 'material'.
2026-04-16 14:01:38,833 [INFO]   OCR → Ticket: 17583  Date: 8/19/2025  Facility: 800 Bradley Quarry eRe My  Customer: C0520 MJ Hughes Construction  Net Tons: 17.40
2026-04-16 14:01:38,835 [INFO]   Writing to Excel...
2026-04-16 14:01:38,838 [INFO] Created new tab for cost code: 312323-21
2026-04-16 14:01:38,838 [WARNING]   WARNING: Empty field 'Material' for ticket 17583
2026-04-16 14:01:38,838 [ERROR] Error logged → 'ticket 17583': Empty field: Material
2026-04-16 14:01:38,845 [INFO] Excel: wrote ticket 17583 to tab '312323-21' in materials_log.xlsx.
2026-04-16 14:01:38,845 [INFO]   Renaming email subject...
2026-04-16 14:01:39,244 [INFO] Renamed email AAMkAGJhMTljYmM4LTk5MmQtNGYzYy1iMjVkLTQxYjIyYmJjYjAwZQBGAAAAAACGS7jncFP_TrzrW1Hz7wysBwCf5kq4dgz5QZHK1WIWgeP-AAAAAAEMAACf5kq4dgz5QZHK1WIWgeP-AAAAAAlKAAA= subject to: 'Ticket 17583 -  - 8/19/2025'
2026-04-16 14:01:39,245 [INFO]   Sending confirmation email...
2026-04-16 14:01:39,797 [WARNING]   Confirmation email not sent (will continue): 403 Client Error: Forbidden for url: https://graph.microsoft.com/v1.0/users/help@mjhughes.com/messages/AAMkAGJhMTljYmM4LTk5MmQtNGYzYy1iMjVkLTQxYjIyYmJjYjAwZQBGAAAAAACGS7jncFP_TrzrW1Hz7wysBwCf5kq4dgz5QZHK1WIWgeP-AAAAAAEMAACf5kq4dgz5QZHK1WIWgeP-AAAAAAlKAAA=/reply
2026-04-16 14:01:39,799 [INFO]   Marking email as read...
2026-04-16 14:01:40,249 [INFO] Marked email AAMkAGJhMTljYmM4LTk5MmQtNGYzYy1iMjVkLTQxYjIyYmJjYjAwZQBGAAAAAACGS7jncFP_TrzrW1Hz7wysBwCf5kq4dgz5QZHK1WIWgeP-AAAAAAEMAACf5kq4dgz5QZHK1WIWgeP-AAAAAAlKAAA= as read.
2026-04-16 14:01:40,250 [INFO]   Done: 'Ticket 17583 -  - 8/19/2025'
2026-04-16 14:01:40,251 [INFO] =======================================================
2026-04-16 14:01:40,251 [INFO] Complete — success: 1  failed: 0  (failed emails remain unread for retry)
2026-04-16 14:01:40,251 [INFO] =======================================================
2026-04-16 14:02:00,283 [INFO] =======================================================
2026-04-16 14:02:00,283 [INFO] Ticket Processing Automation — starting
2026-04-16 14:02:00,283 [INFO] Run time: 2026-04-16 14:02:00
2026-04-16 14:02:00,283 [INFO] =======================================================
2026-04-16 14:02:00,283 [INFO] Credentials loaded from: C:\Users\dawson.h\Desktop\ticket-to-excel-automation\.env
2026-04-16 14:02:00,284 [INFO] AZURE_TENANT_ID starts with: 'b4ed'
2026-04-16 14:02:00,284 [INFO] Loaded ticket profile: 'Teevin Bros Land & Timber Co., LLC' (teevin_bros.json)
2026-04-16 14:02:00,284 [INFO] Loaded 1 ticket profile(s).
2026-04-16 14:02:00,859 [INFO] Authenticated with Microsoft Graph API.
2026-04-16 14:02:01,210 [INFO] Found 0 unread email(s) with PDF attachments.
2026-04-16 14:02:01,212 [INFO] No unread emails with PDF attachments. Nothing to do.
2026-04-16 14:02:09,346 [INFO] =======================================================
2026-04-16 14:02:09,346 [INFO] Ticket Processing Automation — starting
2026-04-16 14:02:09,347 [INFO] Run time: 2026-04-16 14:02:09
2026-04-16 14:02:09,347 [INFO] =======================================================
2026-04-16 14:02:09,347 [INFO] Credentials loaded from: C:\Users\dawson.h\Desktop\ticket-to-excel-automation\.env
2026-04-16 14:02:09,347 [INFO] AZURE_TENANT_ID starts with: 'b4ed'
2026-04-16 14:02:09,347 [INFO] Loaded ticket profile: 'Teevin Bros Land & Timber Co., LLC' (teevin_bros.json)
2026-04-16 14:02:09,348 [INFO] Loaded 1 ticket profile(s).
2026-04-16 14:02:09,911 [INFO] Authenticated with Microsoft Graph API.
2026-04-16 14:02:10,252 [INFO] Found 0 unread email(s) with PDF attachments.
2026-04-16 14:02:10,253 [INFO] No unread emails with PDF attachments. Nothing to do.
2026-04-16 14:02:34,101 [INFO] =======================================================
2026-04-16 14:02:34,101 [INFO] Ticket Processing Automation — starting
2026-04-16 14:02:34,101 [INFO] Run time: 2026-04-16 14:02:34
2026-04-16 14:02:34,101 [INFO] =======================================================
2026-04-16 14:02:34,101 [INFO] Credentials loaded from: C:\Users\dawson.h\Desktop\ticket-to-excel-automation\.env
2026-04-16 14:02:34,101 [INFO] AZURE_TENANT_ID starts with: 'b4ed'
2026-04-16 14:02:34,102 [INFO] Loaded ticket profile: 'Teevin Bros Land & Timber Co., LLC' (teevin_bros.json)
2026-04-16 14:02:34,102 [INFO] Loaded 1 ticket profile(s).
2026-04-16 14:02:34,706 [INFO] Authenticated with Microsoft Graph API.
2026-04-16 14:02:35,426 [INFO] Found 1 unread email(s) with PDF attachments.
2026-04-16 14:02:35,426 [INFO] =======================================================
2026-04-16 14:02:35,427 [INFO] Processing: 'Ticket 17583 -  - 8/19/2025'
2026-04-16 14:02:35,427 [INFO]   Downloading '2026-04-16 10-36.pdf'...
2026-04-16 14:02:35,853 [INFO]   Rendering PDF pages...
2026-04-16 14:02:36,056 [INFO]   Scanning for QR code...
2026-04-16 14:02:36,163 [INFO] QR debug: first page saved to qr_debug.png (size 3555×1654)
2026-04-16 14:02:36,163 [INFO]   QR p1 | step 1: full page (3555×1654)
2026-04-16 14:02:36,262 [INFO]   QR p1 | full-page [original]: found '2501-0510-312323-21'
2026-04-16 14:02:36,262 [INFO]   QR p1 | full-page [original]: MATCH '2501-0510-312323-21'
2026-04-16 14:02:36,263 [INFO]   QR → Job: 2501  Location: 0510  Cost Code: 312323-21
2026-04-16 14:02:36,263 [INFO]   Running OCR...
2026-04-16 14:02:37,656 [INFO]   Detected profile: 'Teevin Bros Land & Timber Co., LLC'
2026-04-16 14:02:37,657 [INFO] OCR debug: corrected text saved to ocr_debug.txt
2026-04-16 14:02:38,014 [INFO] OCR debug: ticket-number crop saved to ocr_debug_topright.png (original coords x=1884-3555, y=0-396)
2026-04-16 14:02:38,167 [INFO] OCR debug: preprocessed first page saved to ocr_debug.png
2026-04-16 14:02:38,167 [WARNING]   ANTHROPIC_API_KEY not set — using regex extraction.
2026-04-16 14:02:38,167 [INFO]   Using regex extraction for: Ticket 17583 -  - 8/19/2025
2026-04-16 14:02:38,169 [INFO]   Page dimensions: 3555×1654 px
2026-04-16 14:02:38,385 [INFO]   Region crop (1884,0)–(3555,396)  raw OCR: 'nber Co., LLC\n17583 —~——'
2026-04-16 14:02:38,396 [INFO]   Saved ocr_debug_topright.png and ocr_debug_topright.txt
2026-04-16 14:02:38,577 [INFO]   Skipping '17583' at crop-x=1566 (QR zone starts at 1137)
2026-04-16 14:02:38,577 [INFO]   Ticket number from region (regex): '17583'
2026-04-16 14:02:38,577 [INFO]   Ticket number from region OCR: '17583'
2026-04-16 14:02:38,577 [WARNING]   regex extraction: could not extract 'material'.
2026-04-16 14:02:38,578 [INFO]   OCR → Ticket: 17583  Date: 8/19/2025  Facility: 800 Bradley Quarry eRe My  Customer: C0520 MJ Hughes Construction  Net Tons: 17.40
2026-04-16 14:02:38,588 [WARNING]   DUPLICATE TICKET detected: '17583' already exists in tab '312323-21'
2026-04-16 14:02:38,589 [ERROR] Error logged → 'Ticket 17583 -  - 8/19/2025': DUPLICATE TICKET: 17583 - Ticket 17583 -  - 8/19/2025 - 2026-04-16 14:02:38
2026-04-16 14:02:38,589 [INFO]   Writing duplicate row to Excel...
2026-04-16 14:02:38,605 [INFO] Excel: wrote ticket 17583 to tab '312323-21' in materials_log.xlsx.
2026-04-16 14:02:38,605 [INFO]   Sending duplicate-ticket reply...
2026-04-16 14:02:38,947 [WARNING]   Duplicate reply not sent (will continue): 403 Client Error: Forbidden for url: https://graph.microsoft.com/v1.0/users/help@mjhughes.com/sendMail
2026-04-16 14:02:38,948 [INFO]   Renaming email subject...
2026-04-16 14:02:38,948 [WARNING]   Skipping rename — subject already starts with 'DUPLICATE': ''
2026-04-16 14:02:38,948 [INFO]   Moving duplicate email to 'REVIEW REQUIRED' folder...
2026-04-16 14:02:40,413 [INFO] Moved email AAMkAGJhMTljYmM4LTk5MmQtNGYzYy1iMjVkLTQxYjIyYmJjYjAwZQBGAAAAAACGS7jncFP_TrzrW1Hz7wysBwCf5kq4dgz5QZHK1WIWgeP-AAAAAAEMAACf5kq4dgz5QZHK1WIWgeP-AAAAAAlKAAA= to 'REVIEW REQUIRED' folder (new id=AAMkAGJhMTljYmM4LTk5MmQtNGYzYy1iMjVkLTQxYjIyYmJjYjAwZQBGAAAAAACGS7jncFP_TrzrW1Hz7wysBwCf5kq4dgz5QZHK1WIWgeP-AAAAAWCJAACf5kq4dgz5QZHK1WIWgeP-AAAAAux9AAA=).
2026-04-16 14:02:40,413 [INFO]   Marking duplicate email as unread in 'REVIEW REQUIRED' folder...
2026-04-16 14:02:40,833 [INFO] Marked email AAMkAGJhMTljYmM4LTk5MmQtNGYzYy1iMjVkLTQxYjIyYmJjYjAwZQBGAAAAAACGS7jncFP_TrzrW1Hz7wysBwCf5kq4dgz5QZHK1WIWgeP-AAAAAWCJAACf5kq4dgz5QZHK1WIWgeP-AAAAAux9AAA= as unread (flagged for review).
2026-04-16 14:02:40,835 [INFO] =======================================================
2026-04-16 14:02:40,836 [INFO] Complete — success: 1  failed: 0  (failed emails remain unread for retry)
2026-04-16 14:02:40,836 [INFO] =======================================================
2026-04-16 14:02:54,947 [INFO] =======================================================
2026-04-16 14:02:54,948 [INFO] Ticket Processing Automation — starting
2026-04-16 14:02:54,948 [INFO] Run time: 2026-04-16 14:02:54
2026-04-16 14:02:54,948 [INFO] =======================================================
2026-04-16 14:02:54,948 [INFO] Credentials loaded from: C:\Users\dawson.h\Desktop\ticket-to-excel-automation\.env
2026-04-16 14:02:54,948 [INFO] AZURE_TENANT_ID starts with: 'b4ed'
2026-04-16 14:02:54,949 [INFO] Loaded ticket profile: 'Teevin Bros Land & Timber Co., LLC' (teevin_bros.json)
2026-04-16 14:02:54,949 [INFO] Loaded 1 ticket profile(s).
2026-04-16 14:02:55,487 [INFO] Authenticated with Microsoft Graph API.
2026-04-16 14:02:55,830 [INFO] Found 0 unread email(s) with PDF attachments.
2026-04-16 14:02:55,831 [INFO] No unread emails with PDF attachments. Nothing to do.
2026-04-16 14:03:27,705 [INFO] =======================================================
2026-04-16 14:03:27,706 [INFO] Ticket Processing Automation — starting
2026-04-16 14:03:27,706 [INFO] Run time: 2026-04-16 14:03:27
2026-04-16 14:03:27,706 [INFO] =======================================================
2026-04-16 14:03:27,706 [INFO] Credentials loaded from: C:\Users\dawson.h\Desktop\ticket-to-excel-automation\.env
2026-04-16 14:03:27,706 [INFO] AZURE_TENANT_ID starts with: 'b4ed'
2026-04-16 14:03:27,707 [INFO] Loaded ticket profile: 'Teevin Bros Land & Timber Co., LLC' (teevin_bros.json)
2026-04-16 14:03:27,707 [INFO] Loaded 1 ticket profile(s).
2026-04-16 14:03:28,484 [INFO] Authenticated with Microsoft Graph API.
2026-04-16 14:03:29,197 [INFO] Found 1 unread email(s) with PDF attachments.
2026-04-16 14:03:29,199 [INFO] =======================================================
2026-04-16 14:03:29,199 [INFO] Processing: 'Ticket 17583 -  - 8/19/2025'
2026-04-16 14:03:29,199 [INFO]   Downloading '2026-04-16 10-36.pdf'...
2026-04-16 14:03:29,695 [INFO]   Rendering PDF pages...
2026-04-16 14:03:29,903 [INFO]   Scanning for QR code...
2026-04-16 14:03:30,023 [INFO] QR debug: first page saved to qr_debug.png (size 3555×1654)
2026-04-16 14:03:30,023 [INFO]   QR p1 | step 1: full page (3555×1654)
2026-04-16 14:03:30,126 [INFO]   QR p1 | full-page [original]: found '2501-0510-312323-21'
2026-04-16 14:03:30,126 [INFO]   QR p1 | full-page [original]: MATCH '2501-0510-312323-21'
2026-04-16 14:03:30,127 [INFO]   QR → Job: 2501  Location: 0510  Cost Code: 312323-21
2026-04-16 14:03:30,127 [INFO]   Running OCR...
2026-04-16 14:03:31,604 [INFO]   Detected profile: 'Teevin Bros Land & Timber Co., LLC'
2026-04-16 14:03:31,605 [INFO] OCR debug: corrected text saved to ocr_debug.txt
2026-04-16 14:03:31,967 [INFO] OCR debug: ticket-number crop saved to ocr_debug_topright.png (original coords x=1884-3555, y=0-396)
2026-04-16 14:03:32,113 [INFO] OCR debug: preprocessed first page saved to ocr_debug.png
2026-04-16 14:03:32,113 [WARNING]   ANTHROPIC_API_KEY not set — using regex extraction.
2026-04-16 14:03:32,114 [INFO]   Using regex extraction for: Ticket 17583 -  - 8/19/2025
2026-04-16 14:03:32,115 [INFO]   Page dimensions: 3555×1654 px
2026-04-16 14:03:32,312 [INFO]   Region crop (1884,0)–(3555,396)  raw OCR: 'nber Co., LLC\n17583 —~——'
2026-04-16 14:03:32,323 [INFO]   Saved ocr_debug_topright.png and ocr_debug_topright.txt
2026-04-16 14:03:32,495 [INFO]   Skipping '17583' at crop-x=1566 (QR zone starts at 1137)
2026-04-16 14:03:32,495 [INFO]   Ticket number from region (regex): '17583'
2026-04-16 14:03:32,496 [INFO]   Ticket number from region OCR: '17583'
2026-04-16 14:03:32,496 [WARNING]   regex extraction: could not extract 'material'.
2026-04-16 14:03:32,497 [INFO]   OCR → Ticket: 17583  Date: 8/19/2025  Facility: 800 Bradley Quarry eRe My  Customer: C0520 MJ Hughes Construction  Net Tons: 17.40
2026-04-16 14:03:32,509 [WARNING]   DUPLICATE TICKET detected: '17583' already exists in tab '312323-21'
2026-04-16 14:03:32,509 [ERROR] Error logged → 'Ticket 17583 -  - 8/19/2025': DUPLICATE TICKET: 17583 - Ticket 17583 -  - 8/19/2025 - 2026-04-16 14:03:32
2026-04-16 14:03:32,510 [INFO]   Writing duplicate row to Excel...
2026-04-16 14:03:32,529 [INFO] Excel: wrote ticket 17583 to tab '312323-21' in materials_log.xlsx.
2026-04-16 14:03:32,529 [INFO]   Sending duplicate-ticket reply...
2026-04-16 14:03:32,865 [WARNING]   Duplicate reply not sent (will continue): 403 Client Error: Forbidden for url: https://graph.microsoft.com/v1.0/users/help@mjhughes.com/sendMail
2026-04-16 14:03:32,867 [INFO]   Renaming email subject...
2026-04-16 14:03:32,868 [WARNING]   Skipping rename — subject already starts with 'DUPLICATE': ''
2026-04-16 14:03:32,868 [INFO]   Moving duplicate email to 'REVIEW REQUIRED' folder...
2026-04-16 14:03:33,598 [INFO] Moved email AAMkAGJhMTljYmM4LTk5MmQtNGYzYy1iMjVkLTQxYjIyYmJjYjAwZQBGAAAAAACGS7jncFP_TrzrW1Hz7wysBwCf5kq4dgz5QZHK1WIWgeP-AAAAAAEMAACf5kq4dgz5QZHK1WIWgeP-AAAAACTDAAA= to 'REVIEW REQUIRED' folder (new id=AAMkAGJhMTljYmM4LTk5MmQtNGYzYy1iMjVkLTQxYjIyYmJjYjAwZQBGAAAAAACGS7jncFP_TrzrW1Hz7wysBwCf5kq4dgz5QZHK1WIWgeP-AAAAAWCJAACf5kq4dgz5QZHK1WIWgeP-AAAAAux_AAA=).
2026-04-16 14:03:33,598 [INFO]   Marking duplicate email as unread in 'REVIEW REQUIRED' folder...
2026-04-16 14:03:34,030 [INFO] Marked email AAMkAGJhMTljYmM4LTk5MmQtNGYzYy1iMjVkLTQxYjIyYmJjYjAwZQBGAAAAAACGS7jncFP_TrzrW1Hz7wysBwCf5kq4dgz5QZHK1WIWgeP-AAAAAWCJAACf5kq4dgz5QZHK1WIWgeP-AAAAAux_AAA= as unread (flagged for review).
2026-04-16 14:03:34,032 [INFO] =======================================================
2026-04-16 14:03:34,032 [INFO] Complete — success: 1  failed: 0  (failed emails remain unread for retry)
2026-04-16 14:03:34,033 [INFO] =======================================================
2026-04-16 14:06:19,025 [INFO] =======================================================
2026-04-16 14:06:19,025 [INFO] Ticket Processing Automation — starting
2026-04-16 14:06:19,025 [INFO] Run time: 2026-04-16 14:06:19
2026-04-16 14:06:19,025 [INFO] =======================================================
2026-04-16 14:06:19,025 [INFO] Credentials loaded from: C:\Users\dawson.h\Desktop\ticket-to-excel-automation\.env
2026-04-16 14:06:19,025 [INFO] AZURE_TENANT_ID starts with: 'b4ed'
2026-04-16 14:06:19,026 [INFO] Loaded ticket profile: 'Teevin Bros Land & Timber Co., LLC' (teevin_bros.json)
2026-04-16 14:06:19,026 [INFO] Loaded 1 ticket profile(s).
2026-04-16 14:06:19,800 [INFO] Authenticated with Microsoft Graph API.
2026-04-16 14:06:20,138 [INFO] Found 0 unread email(s) with PDF attachments.
2026-04-16 14:06:20,140 [INFO] No unread emails with PDF attachments. Nothing to do.
2026-04-16 14:07:17,265 [INFO] =======================================================
2026-04-16 14:07:17,265 [INFO] Ticket Processing Automation — starting
2026-04-16 14:07:17,266 [INFO] Run time: 2026-04-16 14:07:17
2026-04-16 14:07:17,266 [INFO] =======================================================
2026-04-16 14:07:17,266 [INFO] Credentials loaded from: C:\Users\dawson.h\Desktop\ticket-to-excel-automation\.env
2026-04-16 14:07:17,266 [INFO] AZURE_TENANT_ID starts with: 'b4ed'
2026-04-16 14:07:17,266 [INFO] Loaded ticket profile: 'Teevin Bros Land & Timber Co., LLC' (teevin_bros.json)
2026-04-16 14:07:17,266 [INFO] Loaded 1 ticket profile(s).
2026-04-16 14:07:17,954 [INFO] Authenticated with Microsoft Graph API.
2026-04-16 14:07:18,707 [INFO] Found 1 unread email(s) with PDF attachments.
2026-04-16 14:07:18,708 [INFO] =======================================================
2026-04-16 14:07:18,708 [INFO] Processing: 'Ticket 17583 -  - 8/19/2025'
2026-04-16 14:07:18,708 [INFO]   Downloading '2026-04-16 10-36.pdf'...
2026-04-16 14:07:19,197 [INFO]   Rendering PDF pages...
2026-04-16 14:07:19,416 [INFO]   Scanning for QR code...
2026-04-16 14:07:19,530 [INFO] QR debug: first page saved to qr_debug.png (size 3555×1654)
2026-04-16 14:07:19,530 [INFO]   QR p1 | step 1: full page (3555×1654)
2026-04-16 14:07:19,635 [INFO]   QR p1 | full-page [original]: found '2501-0510-312323-21'
2026-04-16 14:07:19,635 [INFO]   QR p1 | full-page [original]: MATCH '2501-0510-312323-21'
2026-04-16 14:07:19,635 [INFO]   QR → Job: 2501  Location: 0510  Cost Code: 312323-21
2026-04-16 14:07:19,635 [INFO]   Running OCR...
2026-04-16 14:07:21,146 [INFO]   Detected profile: 'Teevin Bros Land & Timber Co., LLC'
2026-04-16 14:07:21,146 [INFO] OCR debug: corrected text saved to ocr_debug.txt
2026-04-16 14:07:21,533 [INFO] OCR debug: ticket-number crop saved to ocr_debug_topright.png (original coords x=1884-3555, y=0-396)
2026-04-16 14:07:21,696 [INFO] OCR debug: preprocessed first page saved to ocr_debug.png
2026-04-16 14:07:21,696 [WARNING]   ANTHROPIC_API_KEY not set — using regex extraction.
2026-04-16 14:07:21,696 [INFO]   Using regex extraction for: Ticket 17583 -  - 8/19/2025
2026-04-16 14:07:21,698 [INFO]   Page dimensions: 3555×1654 px
2026-04-16 14:07:21,913 [INFO]   Region crop (1884,0)–(3555,396)  raw OCR: 'nber Co., LLC\n17583 —~——'
2026-04-16 14:07:21,924 [INFO]   Saved ocr_debug_topright.png and ocr_debug_topright.txt
2026-04-16 14:07:22,110 [INFO]   Skipping '17583' at crop-x=1566 (QR zone starts at 1137)
2026-04-16 14:07:22,110 [INFO]   Ticket number from region (regex): '17583'
2026-04-16 14:07:22,110 [INFO]   Ticket number from region OCR: '17583'
2026-04-16 14:07:22,110 [WARNING]   regex extraction: could not extract 'material'.
2026-04-16 14:07:22,112 [INFO]   OCR → Ticket: 17583  Date: 8/19/2025  Facility: 800 Bradley Quarry eRe My  Customer: C0520 MJ Hughes Construction  Net Tons: 17.40
2026-04-16 14:07:22,122 [WARNING]   DUPLICATE TICKET detected: '17583' already exists in tab '312323-21'
2026-04-16 14:07:22,122 [ERROR] Error logged → 'Ticket 17583 -  - 8/19/2025': DUPLICATE TICKET: 17583 - Ticket 17583 -  - 8/19/2025 - 2026-04-16 14:07:22
2026-04-16 14:07:22,122 [INFO]   Writing duplicate row to Excel...
2026-04-16 14:07:22,141 [INFO] Excel: wrote ticket 17583 to tab '312323-21' in materials_log.xlsx.
2026-04-16 14:07:22,142 [INFO]   Sending duplicate-ticket reply...
2026-04-16 14:07:22,491 [WARNING]   Duplicate reply not sent (will continue): 403 Client Error: Forbidden for url: https://graph.microsoft.com/v1.0/users/help@mjhughes.com/sendMail
2026-04-16 14:07:22,492 [INFO]   Renaming email subject...
2026-04-16 14:07:22,492 [WARNING]   Skipping rename — subject already starts with 'DUPLICATE': ''
2026-04-16 14:07:22,492 [INFO]   Moving duplicate email to 'REVIEW REQUIRED' folder...
2026-04-16 14:07:23,613 [INFO] Moved email AAMkAGJhMTljYmM4LTk5MmQtNGYzYy1iMjVkLTQxYjIyYmJjYjAwZQBGAAAAAACGS7jncFP_TrzrW1Hz7wysBwCf5kq4dgz5QZHK1WIWgeP-AAAAAAEMAACf5kq4dgz5QZHK1WIWgeP-AAAAACTEAAA= to 'REVIEW REQUIRED' folder (new id=AAMkAGJhMTljYmM4LTk5MmQtNGYzYy1iMjVkLTQxYjIyYmJjYjAwZQBGAAAAAACGS7jncFP_TrzrW1Hz7wysBwCf5kq4dgz5QZHK1WIWgeP-AAAAAWCJAACf5kq4dgz5QZHK1WIWgeP-AAAAAux-AAA=).
2026-04-16 14:07:23,613 [INFO]   Marking duplicate email as unread in 'REVIEW REQUIRED' folder...
2026-04-16 14:07:24,018 [INFO] Marked email AAMkAGJhMTljYmM4LTk5MmQtNGYzYy1iMjVkLTQxYjIyYmJjYjAwZQBGAAAAAACGS7jncFP_TrzrW1Hz7wysBwCf5kq4dgz5QZHK1WIWgeP-AAAAAWCJAACf5kq4dgz5QZHK1WIWgeP-AAAAAux-AAA= as unread (flagged for review).
2026-04-16 14:07:24,019 [INFO] =======================================================
2026-04-16 14:07:24,019 [INFO] Complete — success: 1  failed: 0  (failed emails remain unread for retry)
2026-04-16 14:07:24,019 [INFO] =======================================================
2026-04-16 14:09:24,559 [INFO] =======================================================
2026-04-16 14:09:24,559 [INFO] Ticket Processing Automation — starting
2026-04-16 14:09:24,559 [INFO] Run time: 2026-04-16 14:09:24
2026-04-16 14:09:24,559 [INFO] =======================================================
2026-04-16 14:09:24,559 [INFO] Credentials loaded from: C:\Users\dawson.h\Desktop\ticket-to-excel-automation\.env
2026-04-16 14:09:24,559 [INFO] AZURE_TENANT_ID starts with: 'b4ed'
2026-04-16 14:09:24,560 [INFO] Loaded ticket profile: 'Teevin Bros Land & Timber Co., LLC' (teevin_bros.json)
2026-04-16 14:09:24,560 [INFO] Loaded 1 ticket profile(s).
2026-04-16 14:09:25,099 [INFO] Authenticated with Microsoft Graph API.
2026-04-16 14:09:25,791 [INFO] Found 1 unread email(s) with PDF attachments.
2026-04-16 14:09:25,792 [INFO] =======================================================
2026-04-16 14:09:25,792 [INFO] Processing: 'Ticket 17583 -  - 8/19/2025'
2026-04-16 14:09:25,792 [INFO]   Downloading '2026-04-16 10-36.pdf'...
2026-04-16 14:09:26,233 [INFO]   Rendering PDF pages...
2026-04-16 14:09:26,438 [INFO]   Scanning for QR code...
2026-04-16 14:09:26,552 [INFO] QR debug: first page saved to qr_debug.png (size 3555×1654)
2026-04-16 14:09:26,552 [INFO]   QR p1 | step 1: full page (3555×1654)
2026-04-16 14:09:26,649 [INFO]   QR p1 | full-page [original]: found '2501-0510-312323-21'
2026-04-16 14:09:26,649 [INFO]   QR p1 | full-page [original]: MATCH '2501-0510-312323-21'
2026-04-16 14:09:26,649 [INFO]   QR → Job: 2501  Location: 0510  Cost Code: 312323-21
2026-04-16 14:09:26,649 [INFO]   Running OCR...
2026-04-16 14:09:28,070 [INFO]   Detected profile: 'Teevin Bros Land & Timber Co., LLC'
2026-04-16 14:09:28,071 [INFO] OCR debug: corrected text saved to ocr_debug.txt
2026-04-16 14:09:28,446 [INFO] OCR debug: ticket-number crop saved to ocr_debug_topright.png (original coords x=1884-3555, y=0-396)
2026-04-16 14:09:28,593 [INFO] OCR debug: preprocessed first page saved to ocr_debug.png
2026-04-16 14:09:28,593 [WARNING]   ANTHROPIC_API_KEY not set — using regex extraction.
2026-04-16 14:09:28,593 [INFO]   Using regex extraction for: Ticket 17583 -  - 8/19/2025
2026-04-16 14:09:28,594 [INFO]   Page dimensions: 3555×1654 px
2026-04-16 14:09:28,790 [INFO]   Region crop (1884,0)–(3555,396)  raw OCR: 'nber Co., LLC\n17583 —~——'
2026-04-16 14:09:28,802 [INFO]   Saved ocr_debug_topright.png and ocr_debug_topright.txt
2026-04-16 14:09:28,980 [INFO]   Skipping '17583' at crop-x=1566 (QR zone starts at 1137)
2026-04-16 14:09:28,980 [INFO]   Ticket number from region (regex): '17583'
2026-04-16 14:09:28,981 [INFO]   Ticket number from region OCR: '17583'
2026-04-16 14:09:28,981 [WARNING]   regex extraction: could not extract 'material'.
2026-04-16 14:09:28,982 [INFO]   OCR → Ticket: 17583  Date: 8/19/2025  Facility: 800 Bradley Quarry eRe My  Customer: C0520 MJ Hughes Construction  Net Tons: 17.40
2026-04-16 14:09:28,984 [INFO]   Writing to Excel...
2026-04-16 14:09:28,987 [INFO] Created new tab for cost code: 312323-21
2026-04-16 14:09:28,987 [WARNING]   WARNING: Empty field 'Material' for ticket 17583
2026-04-16 14:09:28,987 [ERROR] Error logged → 'ticket 17583': Empty field: Material
2026-04-16 14:09:28,995 [INFO] Excel: wrote ticket 17583 to tab '312323-21' in materials_log.xlsx.
2026-04-16 14:09:28,996 [INFO]   Renaming email subject...
2026-04-16 14:09:29,338 [INFO] Renamed email AAMkAGJhMTljYmM4LTk5MmQtNGYzYy1iMjVkLTQxYjIyYmJjYjAwZQBGAAAAAACGS7jncFP_TrzrW1Hz7wysBwCf5kq4dgz5QZHK1WIWgeP-AAAAAAEMAACf5kq4dgz5QZHK1WIWgeP-AAAAACTFAAA= subject to: 'Ticket 17583 -  - 8/19/2025'
2026-04-16 14:09:29,339 [INFO]   Sending confirmation email...
2026-04-16 14:09:29,687 [WARNING]   Confirmation email not sent (will continue): 403 Client Error: Forbidden for url: https://graph.microsoft.com/v1.0/users/help@mjhughes.com/messages/AAMkAGJhMTljYmM4LTk5MmQtNGYzYy1iMjVkLTQxYjIyYmJjYjAwZQBGAAAAAACGS7jncFP_TrzrW1Hz7wysBwCf5kq4dgz5QZHK1WIWgeP-AAAAAAEMAACf5kq4dgz5QZHK1WIWgeP-AAAAACTFAAA=/reply
2026-04-16 14:09:29,688 [INFO]   Marking email as read...
2026-04-16 14:09:30,118 [INFO] Marked email AAMkAGJhMTljYmM4LTk5MmQtNGYzYy1iMjVkLTQxYjIyYmJjYjAwZQBGAAAAAACGS7jncFP_TrzrW1Hz7wysBwCf5kq4dgz5QZHK1WIWgeP-AAAAAAEMAACf5kq4dgz5QZHK1WIWgeP-AAAAACTFAAA= as read.
2026-04-16 14:09:30,118 [INFO]   Done: 'Ticket 17583 -  - 8/19/2025'
2026-04-16 14:09:30,119 [INFO] =======================================================
2026-04-16 14:09:30,119 [INFO] Complete — success: 1  failed: 0  (failed emails remain unread for retry)
2026-04-16 14:09:30,119 [INFO] =======================================================
2026-04-16 14:42:40,093 [INFO] =======================================================
2026-04-16 14:42:40,093 [INFO] Ticket Processing Automation — starting
2026-04-16 14:42:40,093 [INFO] Run time: 2026-04-16 14:42:40
2026-04-16 14:42:40,093 [INFO] =======================================================
2026-04-16 14:42:40,094 [INFO] Credentials loaded from: C:\Users\dawson.h\Desktop\ticket-to-excel-automation\.env
2026-04-16 14:42:40,094 [INFO] AZURE_TENANT_ID starts with: 'b4ed'
2026-04-16 14:42:40,094 [INFO] Loaded ticket profile: 'Teevin Bros Land & Timber Co., LLC' (teevin_bros.json)
2026-04-16 14:42:40,094 [INFO] Loaded 1 ticket profile(s).
2026-04-16 14:42:40,647 [INFO] Authenticated with Microsoft Graph API.
2026-04-16 14:42:41,321 [INFO] Found 1 unread email(s) with PDF attachments.
2026-04-16 14:42:41,322 [INFO] =======================================================
2026-04-16 14:42:41,322 [INFO] Processing: 'Ticket 17583 -  - 8/19/2025'
2026-04-16 14:42:41,322 [INFO]   Downloading '2026-04-16 10-36.pdf'...
2026-04-16 14:42:41,883 [INFO]   Rendering PDF pages...
2026-04-16 14:42:42,092 [INFO]   Scanning for QR code...
2026-04-16 14:42:42,205 [INFO] QR debug: first page saved to qr_debug.png (size 3555×1654)
2026-04-16 14:42:42,205 [INFO]   QR p1 | step 1: full page (3555×1654)
2026-04-16 14:42:42,307 [INFO]   QR p1 | full-page [original]: found '2501-0510-312323-21'
2026-04-16 14:42:42,307 [INFO]   QR p1 | full-page [original]: MATCH '2501-0510-312323-21'
2026-04-16 14:42:42,307 [INFO]   QR → Job: 2501  Location: 0510  Cost Code: 312323-21
2026-04-16 14:42:42,307 [INFO]   Running OCR...
2026-04-16 14:42:43,685 [INFO]   Detected profile: 'Teevin Bros Land & Timber Co., LLC'
2026-04-16 14:42:43,686 [INFO] OCR debug: corrected text saved to ocr_debug.txt
2026-04-16 14:42:44,039 [INFO] OCR debug: ticket-number crop saved to ocr_debug_topright.png (original coords x=1884-3555, y=0-396)
2026-04-16 14:42:44,180 [INFO] OCR debug: preprocessed first page saved to ocr_debug.png
2026-04-16 14:42:44,181 [WARNING]   ANTHROPIC_API_KEY not set — using regex extraction.
2026-04-16 14:42:44,181 [INFO]   Using regex extraction for: Ticket 17583 -  - 8/19/2025
2026-04-16 14:42:44,182 [INFO]   Page dimensions: 3555×1654 px
2026-04-16 14:42:44,379 [INFO]   Region crop (1884,0)–(3555,396)  raw OCR: 'nber Co., LLC\n17583 —~——'
2026-04-16 14:42:44,389 [INFO]   Saved ocr_debug_topright.png and ocr_debug_topright.txt
2026-04-16 14:42:44,560 [INFO]   Skipping '17583' at crop-x=1566 (QR zone starts at 1137)
2026-04-16 14:42:44,560 [INFO]   Ticket number from region (regex): '17583'
2026-04-16 14:42:44,560 [INFO]   Ticket number from region OCR: '17583'
2026-04-16 14:42:44,560 [WARNING]   regex extraction: could not extract 'material'.
2026-04-16 14:42:44,561 [INFO]   OCR → Ticket: 17583  Date: 8/19/2025  Facility: 800 Bradley Quarry eRe My  Customer: C0520 MJ Hughes Construction  Net Tons: 17.40
2026-04-16 14:42:44,564 [INFO]   Writing to Excel...
2026-04-16 14:42:44,567 [INFO] Created new tab for cost code: 312323-21
2026-04-16 14:42:44,567 [WARNING]   WARNING: Empty field 'Material' for ticket 17583
2026-04-16 14:42:44,567 [ERROR] Error logged → 'ticket 17583': Empty field: Material
2026-04-16 14:42:44,575 [INFO] Excel: wrote ticket 17583 to tab '312323-21' in materials_log.xlsx.
2026-04-16 14:42:44,575 [INFO]   Renaming email subject...
2026-04-16 14:42:44,939 [INFO] Renamed email AAMkAGJhMTljYmM4LTk5MmQtNGYzYy1iMjVkLTQxYjIyYmJjYjAwZQBGAAAAAACGS7jncFP_TrzrW1Hz7wysBwCf5kq4dgz5QZHK1WIWgeP-AAAAAAEMAACf5kq4dgz5QZHK1WIWgeP-AAAAACTFAAA= subject to: 'Ticket 17583 -  - 8/19/2025'
2026-04-16 14:42:44,939 [INFO]   Sending confirmation email...
2026-04-16 14:42:45,309 [WARNING]   Confirmation email not sent (will continue): 403 Client Error: Forbidden for url: https://graph.microsoft.com/v1.0/users/help@mjhughes.com/messages/AAMkAGJhMTljYmM4LTk5MmQtNGYzYy1iMjVkLTQxYjIyYmJjYjAwZQBGAAAAAACGS7jncFP_TrzrW1Hz7wysBwCf5kq4dgz5QZHK1WIWgeP-AAAAAAEMAACf5kq4dgz5QZHK1WIWgeP-AAAAACTFAAA=/reply
2026-04-16 14:42:45,310 [INFO]   Marking email as read...
2026-04-16 14:42:53,907 [INFO] Marked email AAMkAGJhMTljYmM4LTk5MmQtNGYzYy1iMjVkLTQxYjIyYmJjYjAwZQBGAAAAAACGS7jncFP_TrzrW1Hz7wysBwCf5kq4dgz5QZHK1WIWgeP-AAAAAAEMAACf5kq4dgz5QZHK1WIWgeP-AAAAACTFAAA= as read.
2026-04-16 14:42:53,907 [INFO]   Done: 'Ticket 17583 -  - 8/19/2025'
2026-04-16 14:42:53,908 [INFO] =======================================================
2026-04-16 14:42:53,908 [INFO] Complete — success: 1  failed: 0  (failed emails remain unread for retry)
2026-04-16 14:42:53,908 [INFO] =======================================================
2026-04-16 14:48:52,685 [INFO] =======================================================
2026-04-16 14:48:52,685 [INFO] Ticket Processing Automation — starting
2026-04-16 14:48:52,685 [INFO] Run time: 2026-04-16 14:48:52
2026-04-16 14:48:52,686 [INFO] =======================================================
2026-04-16 14:48:52,686 [INFO] Credentials loaded from: C:\Users\dawson.h\Desktop\ticket-to-excel-automation\.env
2026-04-16 14:48:52,686 [INFO] AZURE_TENANT_ID starts with: 'b4ed'
2026-04-16 14:48:52,686 [INFO] Loaded ticket profile: 'Teevin Bros Land & Timber Co., LLC' (teevin_bros.json)
2026-04-16 14:48:52,686 [INFO] Loaded 1 ticket profile(s).
2026-04-16 14:48:53,430 [INFO] Authenticated with Microsoft Graph API.
2026-04-16 14:48:53,783 [INFO] Found 0 unread email(s) with PDF attachments.
2026-04-16 14:48:53,784 [INFO] No unread emails with PDF attachments. Nothing to do.
2026-04-16 14:49:54,974 [INFO] =======================================================
2026-04-16 14:49:54,974 [INFO] Ticket Processing Automation — starting
2026-04-16 14:49:54,975 [INFO] Run time: 2026-04-16 14:49:54
2026-04-16 14:49:54,975 [INFO] =======================================================
2026-04-16 14:49:54,975 [INFO] Credentials loaded from: C:\Users\dawson.h\Desktop\ticket-to-excel-automation\.env
2026-04-16 14:49:54,975 [INFO] AZURE_TENANT_ID starts with: 'b4ed'
2026-04-16 14:49:54,975 [INFO] Loaded ticket profile: 'Teevin Bros Land & Timber Co., LLC' (teevin_bros.json)
2026-04-16 14:49:54,975 [INFO] Loaded 1 ticket profile(s).
2026-04-16 14:49:55,669 [INFO] Authenticated with Microsoft Graph API.
2026-04-16 14:49:56,364 [INFO] Found 1 unread email(s) with PDF attachments.
2026-04-16 14:49:56,365 [INFO] =======================================================
2026-04-16 14:49:56,365 [INFO] Processing: 'Ticket 17583 -  - 8/19/2025'
2026-04-16 14:49:56,365 [INFO]   Downloading '2026-04-16 10-36.pdf'...
2026-04-16 14:49:56,828 [INFO]   Rendering PDF pages...
2026-04-16 14:49:57,028 [INFO]   Scanning for QR code...
2026-04-16 14:49:57,173 [INFO] QR debug: first page saved to qr_debug.png (size 3555×1654)
2026-04-16 14:49:57,173 [INFO]   QR p1 | step 1: full page (3555×1654)
2026-04-16 14:49:57,271 [INFO]   QR p1 | full-page [original]: found '2501-0510-312323-21'
2026-04-16 14:49:57,271 [INFO]   QR p1 | full-page [original]: MATCH '2501-0510-312323-21'
2026-04-16 14:49:57,271 [INFO]   QR → Job: 2501  Location: 0510  Cost Code: 312323-21
2026-04-16 14:49:57,272 [INFO]   Running OCR...
2026-04-16 14:49:58,691 [INFO]   Detected profile: 'Teevin Bros Land & Timber Co., LLC'
2026-04-16 14:49:58,692 [INFO] OCR debug: corrected text saved to ocr_debug.txt
2026-04-16 14:49:59,068 [INFO] OCR debug: ticket-number crop saved to ocr_debug_topright.png (original coords x=1884-3555, y=0-396)
2026-04-16 14:49:59,215 [INFO] OCR debug: preprocessed first page saved to ocr_debug.png
2026-04-16 14:49:59,215 [INFO]   Using AI extraction for: Ticket 17583 -  - 8/19/2025
2026-04-16 14:50:01,168 [INFO] HTTP Request: POST https://api.anthropic.com/v1/messages "HTTP/1.1 200 OK"
2026-04-16 14:50:01,180 [INFO]   AI extraction result: {"ticket_number": "17583", "date": "08/19/2025", "facility": "Bradley Quarry", "customer": "MJ Hughes Construction", "material": "3/4-0\"", "net_tons": "17.40"}
2026-04-16 14:50:01,182 [INFO]   OCR → Ticket: 17583  Date: 08/19/2025  Facility: Bradley Quarry  Customer: MJ Hughes Construction  Net Tons: 17.40
2026-04-16 14:50:01,185 [INFO]   Writing to Excel...
2026-04-16 14:50:01,187 [INFO] Created new tab for cost code: 312323-21
2026-04-16 14:50:01,205 [INFO] Excel: wrote ticket 17583 to tab '312323-21' in materials_log.xlsx.
2026-04-16 14:50:01,205 [INFO]   Renaming email subject...
2026-04-16 14:50:01,765 [INFO] Renamed email AAMkAGJhMTljYmM4LTk5MmQtNGYzYy1iMjVkLTQxYjIyYmJjYjAwZQBGAAAAAACGS7jncFP_TrzrW1Hz7wysBwCf5kq4dgz5QZHK1WIWgeP-AAAAAAEMAACf5kq4dgz5QZHK1WIWgeP-AAAAACTFAAA= subject to: 'Ticket 17583 - 3/4-0" - 08/19/2025'
2026-04-16 14:50:01,765 [INFO]   Sending confirmation email...
2026-04-16 14:50:02,103 [WARNING]   Confirmation email not sent (will continue): 403 Client Error: Forbidden for url: https://graph.microsoft.com/v1.0/users/help@mjhughes.com/messages/AAMkAGJhMTljYmM4LTk5MmQtNGYzYy1iMjVkLTQxYjIyYmJjYjAwZQBGAAAAAACGS7jncFP_TrzrW1Hz7wysBwCf5kq4dgz5QZHK1WIWgeP-AAAAAAEMAACf5kq4dgz5QZHK1WIWgeP-AAAAACTFAAA=/reply
2026-04-16 14:50:02,104 [INFO]   Marking email as read...
2026-04-16 14:50:02,483 [INFO] Marked email AAMkAGJhMTljYmM4LTk5MmQtNGYzYy1iMjVkLTQxYjIyYmJjYjAwZQBGAAAAAACGS7jncFP_TrzrW1Hz7wysBwCf5kq4dgz5QZHK1WIWgeP-AAAAAAEMAACf5kq4dgz5QZHK1WIWgeP-AAAAACTFAAA= as read.
2026-04-16 14:50:02,483 [INFO]   Done: 'Ticket 17583 -  - 8/19/2025'
2026-04-16 14:50:02,484 [INFO] =======================================================
2026-04-16 14:50:02,484 [INFO] Complete — success: 1  failed: 0  (failed emails remain unread for retry)
2026-04-16 14:50:02,484 [INFO] =======================================================
